Match_ID,Player,Team,Runs,Balls,Strike_Rate,Wickets,Venue
M00001,Ravindra Jadeja,CSK,62,20,310.0,2,Wankhede
M00002,KL Rahul,LSG,45,17,264.71,3,Chinnaswamy
M00003,Jasprit Bumrah,MI,36,4,900.0,1,Chepauk
M00004,Virat Kohli,RCB,34,38,89.47,0,Chinnaswamy
M00005,Rohit Sharma,MI,8,21,38.1,0,Chinnaswamy
M00006,Shubman Gill,GT,20,36,55.56,0,Wankhede
M00007,Surya Kumar Yadav,MI,50,23,217.39,0,Eden Gardens
M00008,Jasprit Bumrah,MI,58,26,223.08,3,Chinnaswamy
M00009,Shubman Gill,GT,35,31,112.9,1,Chepauk
M00010,Shubman Gill,GT,26,18,144.44,2,Wankhede
M00011,Ravindra Jadeja,CSK,50,14,357.14,1,Eden Gardens
M00012,Rohit Sharma,MI,28,36,77.78,0,Eden Gardens
M00013,Ravindra Jadeja,CSK,55,28,196.43,1,Eden Gardens
M00014,Surya Kumar Yadav,MI,19,43,44.19,0,Chepauk
M00015,Shubman Gill,GT,59,28,210.71,1,Eden Gardens
M00016,Ruturaj Gaikwad,CSK,78,29,268.97,1,Wankhede
M00017,Jasprit Bumrah,MI,50,14,357.14,2,Wankhede
M00018,Jasprit Bumrah,MI,62,19,326.32,1,Wankhede
M00019,KL Rahul,LSG,0,10,0.0,0,Chepauk
M00020,Surya Kumar Yadav,MI,42,38,110.53,1,Chepauk
M00021,Shubman Gill,GT,0,23,0.0,3,Chepauk
M00022,Virat Kohli,RCB,71,37,191.89,0,Chepauk
M00023,Surya Kumar Yadav,MI,70,7,1000.0,1,Wankhede
M00024,Rohit Sharma,MI,32,11,290.91,1,Wankhede
M00025,Ravindra Jadeja,CSK,0,30,0.0,2,Chepauk
M00026,Shubman Gill,GT,58,31,187.1,2,Chinnaswamy
M00027,Ruturaj Gaikwad,CSK,32,1,3200.0,1,Chinnaswamy
M00028,KL Rahul,LSG,54,19,284.21,1,Eden Gardens
M00029,Rohit Sharma,MI,38,24,158.33,0,Chinnaswamy
M00030,KL Rahul,LSG,50,28,178.57,2,Chepauk
M00031,Rohit Sharma,MI,9,21,42.86,0,Chepauk
M00032,Virat Kohli,RCB,18,19,94.74,2,Eden Gardens
M00033,Ruturaj Gaikwad,CSK,45,31,145.16,1,Eden Gardens
M00034,Jasprit Bumrah,MI,8,39,20.51,2,Chepauk
M00035,Rohit Sharma,MI,0,6,0.0,0,Chinnaswamy
M00036,Jasprit Bumrah,MI,52,25,208.0,1,Eden Gardens
M00037,KL Rahul,LSG,63,16,393.75,3,Chinnaswamy
M00038,Virat Kohli,RCB,31,21,147.62,0,Chepauk
M00039,Shubman Gill,GT,31,35,88.57,0,Chinnaswamy
M00040,Virat Kohli,RCB,68,3,2266.67,0,Chepauk
M00041,Ruturaj Gaikwad,CSK,58,7,828.57,3,Eden Gardens
M00042,Shubman Gill,GT,31,11,281.82,0,Eden Gardens
M00043,Rohit Sharma,MI,5,29,17.24,0,Chinnaswamy
M00044,Ruturaj Gaikwad,CSK,48,28,171.43,0,Chepauk
M00045,Shubman Gill,GT,0,27,0.0,0,Chinnaswamy
M00046,Surya Kumar Yadav,MI,48,41,117.07,1,Chepauk
M00047,Rohit Sharma,MI,60,20,300.0,1,Wankhede
M00048,Shubman Gill,GT,36,12,300.0,0,Eden Gardens
M00049,Rohit Sharma,MI,41,13,315.38,0,Eden Gardens
M00050,KL Rahul,LSG,13,51,25.49,0,Chinnaswamy
M00051,Ravindra Jadeja,CSK,0,29,0.0,0,Eden Gardens
M00052,Jasprit Bumrah,MI,53,39,135.9,2,Chinnaswamy
M00053,Ravindra Jadeja,CSK,0,27,0.0,0,Eden Gardens
M00054,Jasprit Bumrah,MI,32,28,114.29,1,Chepauk
M00055,Jasprit Bumrah,MI,44,45,97.78,0,Chinnaswamy
M00056,Ruturaj Gaikwad,CSK,26,11,236.36,0,Wankhede
M00057,Ruturaj Gaikwad,CSK,27,33,81.82,0,Chepauk
M00058,Ravindra Jadeja,CSK,36,17,211.76,0,Wankhede
M00059,Virat Kohli,RCB,0,32,0.0,3,Eden Gardens
M00060,KL Rahul,LSG,38,27,140.74,0,Wankhede
M00061,Jasprit Bumrah,MI,62,42,147.62,1,Wankhede
M00062,Jasprit Bumrah,MI,67,44,152.27,0,Eden Gardens
M00063,Virat Kohli,RCB,51,24,212.5,1,Chinnaswamy
M00064,Jasprit Bumrah,MI,18,35,51.43,0,Chinnaswamy
M00065,Virat Kohli,RCB,52,14,371.43,2,Chepauk
M00066,Ravindra Jadeja,CSK,66,41,160.98,0,Chinnaswamy
M00067,Surya Kumar Yadav,MI,19,20,95.0,1,Eden Gardens
M00068,Shubman Gill,GT,45,28,160.71,0,Chinnaswamy
M00069,Virat Kohli,RCB,10,20,50.0,0,Chinnaswamy
M00070,Ravindra Jadeja,CSK,0,25,0.0,1,Chepauk
M00071,KL Rahul,LSG,75,26,288.46,0,Chepauk
M00072,Ruturaj Gaikwad,CSK,20,19,105.26,0,Chinnaswamy
M00073,Jasprit Bumrah,MI,6,23,26.09,0,Chepauk
M00074,Virat Kohli,RCB,52,31,167.74,0,Chepauk
M00075,Ruturaj Gaikwad,CSK,19,33,57.58,0,Wankhede
M00076,Shubman Gill,GT,0,1,0.0,2,Wankhede
M00077,Ravindra Jadeja,CSK,9,27,33.33,0,Wankhede
M00078,Surya Kumar Yadav,MI,23,23,100.0,0,Wankhede
M00079,Shubman Gill,GT,0,14,0.0,1,Wankhede
M00080,Ruturaj Gaikwad,CSK,30,10,300.0,1,Chepauk
M00081,Ravindra Jadeja,CSK,56,22,254.55,3,Eden Gardens
M00082,Virat Kohli,RCB,5,20,25.0,0,Wankhede
M00083,Shubman Gill,GT,39,19,205.26,3,Chinnaswamy
M00084,Virat Kohli,RCB,31,29,106.9,3,Wankhede
M00085,Jasprit Bumrah,MI,3,20,15.0,1,Wankhede
M00086,Jasprit Bumrah,MI,27,26,103.85,3,Chepauk
M00087,Shubman Gill,GT,47,18,261.11,0,Chinnaswamy
M00088,Rohit Sharma,MI,18,32,56.25,3,Eden Gardens
M00089,Shubman Gill,GT,86,22,390.91,1,Chepauk
M00090,KL Rahul,LSG,25,21,119.05,0,Wankhede
M00091,Ravindra Jadeja,CSK,37,13,284.62,0,Chinnaswamy
M00092,Ravindra Jadeja,CSK,78,20,390.0,0,Eden Gardens
M00093,Shubman Gill,GT,42,13,323.08,0,Wankhede
M00094,Surya Kumar Yadav,MI,67,16,418.75,0,Wankhede
M00095,Shubman Gill,GT,47,7,671.43,1,Eden Gardens
M00096,Jasprit Bumrah,MI,35,38,92.11,1,Chinnaswamy
M00097,Virat Kohli,RCB,51,40,127.5,0,Chinnaswamy
M00098,Rohit Sharma,MI,37,17,217.65,2,Chepauk
M00099,Virat Kohli,RCB,26,20,130.0,3,Chinnaswamy
M00100,Ruturaj Gaikwad,CSK,45,10,450.0,2,Chepauk
M00101,Virat Kohli,RCB,56,28,200.0,0,Chepauk
M00102,Rohit Sharma,MI,81,28,289.29,0,Wankhede
M00103,Virat Kohli,RCB,44,15,293.33,1,Chepauk
M00104,Ruturaj Gaikwad,CSK,24,14,171.43,0,Chinnaswamy
M00105,Shubman Gill,GT,19,23,82.61,2,Chepauk
M00106,Ruturaj Gaikwad,CSK,42,34,123.53,0,Chinnaswamy
M00107,Rohit Sharma,MI,13,28,46.43,3,Chepauk
M00108,KL Rahul,LSG,53,15,353.33,2,Wankhede
M00109,Jasprit Bumrah,MI,29,18,161.11,1,Wankhede
M00110,Ruturaj Gaikwad,CSK,55,23,239.13,3,Chinnaswamy
M00111,Shubman Gill,GT,27,23,117.39,2,Chepauk
M00112,Rohit Sharma,MI,25,22,113.64,0,Wankhede
M00113,Ruturaj Gaikwad,CSK,28,33,84.85,0,Chepauk
M00114,Ravindra Jadeja,CSK,16,16,100.0,0,Wankhede
M00115,Jasprit Bumrah,MI,85,15,566.67,0,Chinnaswamy
M00116,Shubman Gill,GT,59,10,590.0,1,Chepauk
M00117,Jasprit Bumrah,MI,43,23,186.96,1,Chinnaswamy
M00118,Ruturaj Gaikwad,CSK,27,25,108.0,1,Chinnaswamy
M00119,Rohit Sharma,MI,5,3,166.67,2,Chepauk
M00120,Jasprit Bumrah,MI,0,16,0.0,1,Eden Gardens
M00121,Ruturaj Gaikwad,CSK,62,30,206.67,1,Chepauk
M00122,KL Rahul,LSG,20,21,95.24,1,Wankhede
M00123,Rohit Sharma,MI,45,26,173.08,0,Eden Gardens
M00124,Jasprit Bumrah,MI,76,26,292.31,3,Eden Gardens
M00125,Jasprit Bumrah,MI,0,22,0.0,0,Wankhede
M00126,Ruturaj Gaikwad,CSK,72,35,205.71,1,Eden Gardens
M00127,Virat Kohli,RCB,47,8,587.5,1,Chinnaswamy
M00128,Shubman Gill,GT,50,32,156.25,0,Chepauk
M00129,Shubman Gill,GT,21,29,72.41,2,Eden Gardens
M00130,Ruturaj Gaikwad,CSK,0,38,0.0,3,Wankhede
M00131,Ruturaj Gaikwad,CSK,62,44,140.91,3,Chinnaswamy
M00132,Rohit Sharma,MI,64,14,457.14,3,Eden Gardens
M00133,KL Rahul,LSG,69,20,345.0,1,Chepauk
M00134,KL Rahul,LSG,11,34,32.35,1,Chinnaswamy
M00135,Jasprit Bumrah,MI,63,20,315.0,0,Chinnaswamy
M00136,KL Rahul,LSG,33,41,80.49,1,Wankhede
M00137,Shubman Gill,GT,39,19,205.26,3,Chinnaswamy
M00138,Surya Kumar Yadav,MI,44,46,95.65,0,Eden Gardens
M00139,Shubman Gill,GT,47,25,188.0,0,Eden Gardens
M00140,Jasprit Bumrah,MI,8,42,19.05,1,Chepauk
M00141,Virat Kohli,RCB,51,28,182.14,1,Chepauk
M00142,KL Rahul,LSG,0,15,0.0,0,Chepauk
M00143,Surya Kumar Yadav,MI,28,1,2800.0,3,Chepauk
M00144,Shubman Gill,GT,20,39,51.28,2,Chepauk
M00145,Rohit Sharma,MI,46,25,184.0,1,Wankhede
M00146,Surya Kumar Yadav,MI,57,24,237.5,0,Chinnaswamy
M00147,Surya Kumar Yadav,MI,30,30,100.0,0,Wankhede
M00148,Jasprit Bumrah,MI,63,15,420.0,3,Chinnaswamy
M00149,Virat Kohli,RCB,67,43,155.81,1,Eden Gardens
M00150,Ruturaj Gaikwad,CSK,0,13,0.0,3,Chepauk
M00151,Ravindra Jadeja,CSK,0,22,0.0,0,Chinnaswamy
M00152,Jasprit Bumrah,MI,25,14,178.57,3,Chepauk
M00153,Surya Kumar Yadav,MI,34,17,200.0,2,Chepauk
M00154,Surya Kumar Yadav,MI,22,15,146.67,1,Wankhede
M00155,KL Rahul,LSG,37,24,154.17,0,Eden Gardens
M00156,Ruturaj Gaikwad,CSK,9,25,36.0,3,Eden Gardens
M00157,Virat Kohli,RCB,34,34,100.0,3,Wankhede
M00158,Surya Kumar Yadav,MI,48,2,2400.0,1,Chinnaswamy
M00159,Ravindra Jadeja,CSK,55,10,550.0,1,Wankhede
M00160,Rohit Sharma,MI,21,32,65.62,0,Chinnaswamy
M00161,KL Rahul,LSG,4,28,14.29,2,Chinnaswamy
M00162,Surya Kumar Yadav,MI,58,36,161.11,0,Eden Gardens
M00163,Surya Kumar Yadav,MI,0,27,0.0,0,Chinnaswamy
M00164,Shubman Gill,GT,0,16,0.0,0,Chinnaswamy
M00165,Ruturaj Gaikwad,CSK,0,15,0.0,0,Chepauk
M00166,Shubman Gill,GT,63,8,787.5,0,Wankhede
M00167,Shubman Gill,GT,8,49,16.33,0,Chepauk
M00168,Ravindra Jadeja,CSK,75,34,220.59,0,Wankhede
M00169,Rohit Sharma,MI,64,30,213.33,1,Chepauk
M00170,Ruturaj Gaikwad,CSK,38,35,108.57,0,Chinnaswamy
M00171,Shubman Gill,GT,0,29,0.0,0,Chepauk
M00172,Surya Kumar Yadav,MI,51,31,164.52,1,Eden Gardens
M00173,Ruturaj Gaikwad,CSK,38,13,292.31,0,Wankhede
M00174,Virat Kohli,RCB,25,24,104.17,0,Eden Gardens
M00175,KL Rahul,LSG,51,29,175.86,2,Chepauk
M00176,Surya Kumar Yadav,MI,30,13,230.77,1,Wankhede
M00177,Surya Kumar Yadav,MI,36,15,240.0,0,Chinnaswamy
M00178,Shubman Gill,GT,7,23,30.43,0,Wankhede
M00179,Virat Kohli,RCB,50,7,714.29,3,Eden Gardens
M00180,Ruturaj Gaikwad,CSK,0,42,0.0,0,Wankhede
M00181,Ruturaj Gaikwad,CSK,19,27,70.37,0,Chinnaswamy
M00182,Shubman Gill,GT,17,21,80.95,0,Eden Gardens
M00183,Rohit Sharma,MI,57,40,142.5,0,Chepauk
M00184,Virat Kohli,RCB,53,39,135.9,0,Chinnaswamy
M00185,Ravindra Jadeja,CSK,47,33,142.42,0,Wankhede
M00186,Ruturaj Gaikwad,CSK,58,24,241.67,0,Chepauk
M00187,Ruturaj Gaikwad,CSK,40,22,181.82,0,Chepauk
M00188,Ravindra Jadeja,CSK,23,14,164.29,3,Wankhede
M00189,KL Rahul,LSG,42,13,323.08,1,Chepauk
M00190,Virat Kohli,RCB,39,29,134.48,0,Chepauk
M00191,Shubman Gill,GT,25,24,104.17,0,Wankhede
M00192,Shubman Gill,GT,57,28,203.57,0,Chinnaswamy
M00193,Ruturaj Gaikwad,CSK,40,24,166.67,3,Eden Gardens
M00194,Surya Kumar Yadav,MI,58,17,341.18,1,Chinnaswamy
M00195,Jasprit Bumrah,MI,89,37,240.54,0,Eden Gardens
M00196,Rohit Sharma,MI,42,17,247.06,1,Eden Gardens
M00197,Surya Kumar Yadav,MI,5,14,35.71,1,Chinnaswamy
M00198,Shubman Gill,GT,54,39,138.46,3,Chinnaswamy
M00199,Ravindra Jadeja,CSK,0,26,0.0,0,Chinnaswamy
M00200,Shubman Gill,GT,43,34,126.47,2,Eden Gardens
M00201,Rohit Sharma,MI,26,22,118.18,3,Chepauk
M00202,Shubman Gill,GT,64,33,193.94,0,Chepauk
M00203,Surya Kumar Yadav,MI,11,16,68.75,0,Chepauk
M00204,Ruturaj Gaikwad,CSK,29,12,241.67,2,Chepauk
M00205,Shubman Gill,GT,2,27,7.41,3,Eden Gardens
M00206,Surya Kumar Yadav,MI,0,21,0.0,2,Eden Gardens
M00207,Surya Kumar Yadav,MI,22,27,81.48,1,Chinnaswamy
M00208,Jasprit Bumrah,MI,3,22,13.64,3,Chepauk
M00209,Jasprit Bumrah,MI,91,24,379.17,1,Wankhede
M00210,Rohit Sharma,MI,89,32,278.12,2,Wankhede
M00211,Jasprit Bumrah,MI,39,19,205.26,2,Chepauk
M00212,Jasprit Bumrah,MI,36,25,144.0,0,Wankhede
M00213,Ravindra Jadeja,CSK,13,23,56.52,3,Eden Gardens
M00214,Ruturaj Gaikwad,CSK,39,12,325.0,2,Chinnaswamy
M00215,Ravindra Jadeja,CSK,67,39,171.79,2,Chepauk
M00216,Shubman Gill,GT,70,20,350.0,1,Chinnaswamy
M00217,Ruturaj Gaikwad,CSK,0,36,0.0,1,Chepauk
M00218,Virat Kohli,RCB,15,30,50.0,0,Wankhede
M00219,Ruturaj Gaikwad,CSK,30,11,272.73,3,Chepauk
M00220,Rohit Sharma,MI,86,38,226.32,1,Wankhede
M00221,Ravindra Jadeja,CSK,68,16,425.0,3,Chepauk
M00222,Shubman Gill,GT,32,17,188.24,2,Chinnaswamy
M00223,Surya Kumar Yadav,MI,0,26,0.0,1,Eden Gardens
M00224,Jasprit Bumrah,MI,23,1,2300.0,0,Chepauk
M00225,Shubman Gill,GT,42,27,155.56,0,Wankhede
M00226,KL Rahul,LSG,45,20,225.0,0,Chepauk
M00227,Shubman Gill,GT,62,21,295.24,2,Wankhede
M00228,Shubman Gill,GT,67,24,279.17,2,Chepauk
M00229,Shubman Gill,GT,38,32,118.75,3,Wankhede
M00230,Ravindra Jadeja,CSK,16,23,69.57,0,Chepauk
M00231,KL Rahul,LSG,35,30,116.67,3,Chepauk
M00232,KL Rahul,LSG,33,38,86.84,1,Chepauk
M00233,Surya Kumar Yadav,MI,49,12,408.33,3,Chepauk
M00234,Jasprit Bumrah,MI,51,32,159.38,0,Chinnaswamy
M00235,Rohit Sharma,MI,49,35,140.0,0,Wankhede
M00236,KL Rahul,LSG,51,12,425.0,0,Chepauk
M00237,Virat Kohli,RCB,0,5,0.0,3,Chinnaswamy
M00238,Rohit Sharma,MI,28,35,80.0,0,Chinnaswamy
M00239,Surya Kumar Yadav,MI,48,29,165.52,0,Chinnaswamy
M00240,Rohit Sharma,MI,16,22,72.73,2,Eden Gardens
M00241,Ruturaj Gaikwad,CSK,28,28,100.0,3,Eden Gardens
M00242,KL Rahul,LSG,36,37,97.3,0,Chepauk
M00243,KL Rahul,LSG,0,45,0.0,3,Chepauk
M00244,Ruturaj Gaikwad,CSK,30,18,166.67,0,Chinnaswamy
M00245,Ruturaj Gaikwad,CSK,51,10,510.0,0,Wankhede
M00246,Shubman Gill,GT,52,30,173.33,1,Eden Gardens
M00247,Jasprit Bumrah,MI,64,18,355.56,2,Wankhede
M00248,Ravindra Jadeja,CSK,26,18,144.44,1,Eden Gardens
M00249,Shubman Gill,GT,66,5,1320.0,2,Chinnaswamy
M00250,Surya Kumar Yadav,MI,5,39,12.82,0,Wankhede
M00251,KL Rahul,LSG,44,24,183.33,0,Chinnaswamy
M00252,Surya Kumar Yadav,MI,24,37,64.86,3,Wankhede
M00253,Shubman Gill,GT,61,14,435.71,3,Wankhede
M00254,Surya Kumar Yadav,MI,0,29,0.0,3,Wankhede
M00255,Shubman Gill,GT,28,37,75.68,0,Chepauk
M00256,Virat Kohli,RCB,16,31,51.61,0,Wankhede
M00257,Ruturaj Gaikwad,CSK,50,15,333.33,1,Chepauk
M00258,KL Rahul,LSG,46,43,106.98,1,Chepauk
M00259,Ruturaj Gaikwad,CSK,60,38,157.89,0,Chinnaswamy
M00260,Surya Kumar Yadav,MI,9,33,27.27,1,Wankhede
M00261,Ruturaj Gaikwad,CSK,45,40,112.5,2,Chinnaswamy
M00262,Rohit Sharma,MI,0,17,0.0,2,Chinnaswamy
M00263,Rohit Sharma,MI,0,38,0.0,1,Chinnaswamy
M00264,Shubman Gill,GT,28,12,233.33,3,Eden Gardens
M00265,Shubman Gill,GT,55,23,239.13,2,Wankhede
M00266,Ravindra Jadeja,CSK,9,31,29.03,1,Chinnaswamy
M00267,Ravindra Jadeja,CSK,40,19,210.53,1,Eden Gardens
M00268,Surya Kumar Yadav,MI,25,29,86.21,3,Wankhede
M00269,Ravindra Jadeja,CSK,38,52,73.08,0,Chinnaswamy
M00270,Surya Kumar Yadav,MI,68,37,183.78,0,Chepauk
M00271,Virat Kohli,RCB,45,17,264.71,0,Wankhede
M00272,Rohit Sharma,MI,67,15,446.67,0,Wankhede
M00273,Virat Kohli,RCB,3,12,25.0,2,Chepauk
M00274,KL Rahul,LSG,0,37,0.0,0,Chepauk
M00275,Rohit Sharma,MI,11,30,36.67,3,Chinnaswamy
M00276,Virat Kohli,RCB,22,30,73.33,3,Eden Gardens
M00277,Jasprit Bumrah,MI,77,34,226.47,2,Chinnaswamy
M00278,Shubman Gill,GT,17,21,80.95,0,Chepauk
M00279,Jasprit Bumrah,MI,48,32,150.0,1,Wankhede
M00280,Ravindra Jadeja,CSK,0,11,0.0,3,Eden Gardens
M00281,Surya Kumar Yadav,MI,45,24,187.5,1,Eden Gardens
M00282,Surya Kumar Yadav,MI,24,16,150.0,0,Wankhede
M00283,Surya Kumar Yadav,MI,51,26,196.15,2,Eden Gardens
M00284,Ruturaj Gaikwad,CSK,0,16,0.0,0,Wankhede
M00285,Ruturaj Gaikwad,CSK,64,37,172.97,2,Eden Gardens
M00286,KL Rahul,LSG,21,24,87.5,1,Wankhede
M00287,KL Rahul,LSG,42,21,200.0,0,Wankhede
M00288,KL Rahul,LSG,30,27,111.11,2,Chinnaswamy
M00289,Virat Kohli,RCB,25,39,64.1,1,Wankhede
M00290,Ruturaj Gaikwad,CSK,0,19,0.0,0,Eden Gardens
M00291,Surya Kumar Yadav,MI,34,25,136.0,1,Chepauk
M00292,Ravindra Jadeja,CSK,10,11,90.91,0,Chepauk
M00293,Rohit Sharma,MI,35,39,89.74,0,Chepauk
M00294,Rohit Sharma,MI,20,27,74.07,1,Chepauk
M00295,Ruturaj Gaikwad,CSK,28,45,62.22,0,Chinnaswamy
M00296,Shubman Gill,GT,61,19,321.05,3,Eden Gardens
M00297,Jasprit Bumrah,MI,59,23,256.52,0,Chepauk
M00298,Ravindra Jadeja,CSK,22,40,55.0,2,Chepauk
M00299,Rohit Sharma,MI,15,8,187.5,1,Wankhede
M00300,Jasprit Bumrah,MI,20,19,105.26,2,Eden Gardens
M00301,Rohit Sharma,MI,24,29,82.76,0,Eden Gardens
M00302,Ravindra Jadeja,CSK,58,12,483.33,2,Chinnaswamy
M00303,Rohit Sharma,MI,50,21,238.1,0,Wankhede
M00304,Surya Kumar Yadav,MI,49,7,700.0,0,Wankhede
M00305,Ravindra Jadeja,CSK,25,27,92.59,0,Chepauk
M00306,KL Rahul,LSG,9,29,31.03,1,Eden Gardens
M00307,Rohit Sharma,MI,0,36,0.0,2,Wankhede
M00308,Surya Kumar Yadav,MI,14,59,23.73,0,Eden Gardens
M00309,Jasprit Bumrah,MI,57,22,259.09,2,Chinnaswamy
M00310,KL Rahul,LSG,78,24,325.0,0,Eden Gardens
M00311,KL Rahul,LSG,62,16,387.5,0,Wankhede
M00312,Surya Kumar Yadav,MI,59,21,280.95,3,Eden Gardens
M00313,Ruturaj Gaikwad,CSK,45,31,145.16,2,Chinnaswamy
M00314,KL Rahul,LSG,21,37,56.76,1,Eden Gardens
M00315,Ravindra Jadeja,CSK,4,13,30.77,0,Chinnaswamy
M00316,Ruturaj Gaikwad,CSK,15,35,42.86,0,Chinnaswamy
M00317,Jasprit Bumrah,MI,13,34,38.24,3,Chinnaswamy
M00318,Rohit Sharma,MI,22,24,91.67,1,Eden Gardens
M00319,Surya Kumar Yadav,MI,33,7,471.43,1,Chinnaswamy
M00320,KL Rahul,LSG,18,41,43.9,1,Wankhede
M00321,Ruturaj Gaikwad,CSK,53,33,160.61,1,Chepauk
M00322,Ravindra Jadeja,CSK,40,21,190.48,0,Eden Gardens
M00323,Jasprit Bumrah,MI,12,30,40.0,2,Chepauk
M00324,KL Rahul,LSG,65,34,191.18,3,Wankhede
M00325,Surya Kumar Yadav,MI,47,31,151.61,2,Eden Gardens
M00326,Jasprit Bumrah,MI,0,30,0.0,3,Chepauk
M00327,KL Rahul,LSG,26,33,78.79,1,Chepauk
M00328,Ruturaj Gaikwad,CSK,30,29,103.45,0,Chinnaswamy
M00329,Shubman Gill,GT,29,15,193.33,3,Chinnaswamy
M00330,Surya Kumar Yadav,MI,106,24,441.67,0,Eden Gardens
M00331,Ruturaj Gaikwad,CSK,81,41,197.56,2,Chepauk
M00332,Ruturaj Gaikwad,CSK,29,21,138.1,0,Eden Gardens
M00333,Ravindra Jadeja,CSK,0,1,0.0,1,Chepauk
M00334,Rohit Sharma,MI,30,45,66.67,3,Chepauk
M00335,Ruturaj Gaikwad,CSK,39,21,185.71,1,Eden Gardens
M00336,Rohit Sharma,MI,41,20,205.0,1,Eden Gardens
M00337,Virat Kohli,RCB,10,43,23.26,0,Chinnaswamy
M00338,Shubman Gill,GT,42,20,210.0,1,Chepauk
M00339,Ruturaj Gaikwad,CSK,48,38,126.32,0,Chepauk
M00340,KL Rahul,LSG,54,32,168.75,0,Chinnaswamy
M00341,KL Rahul,LSG,28,21,133.33,1,Wankhede
M00342,Ruturaj Gaikwad,CSK,54,24,225.0,1,Chinnaswamy
M00343,Jasprit Bumrah,MI,26,29,89.66,1,Wankhede
M00344,Virat Kohli,RCB,8,38,21.05,3,Chepauk
M00345,Virat Kohli,RCB,81,31,261.29,3,Chepauk
M00346,Shubman Gill,GT,35,24,145.83,0,Chepauk
M00347,KL Rahul,LSG,57,26,219.23,1,Chinnaswamy
M00348,Shubman Gill,GT,78,15,520.0,0,Chepauk
M00349,Surya Kumar Yadav,MI,53,34,155.88,0,Chepauk
M00350,Rohit Sharma,MI,48,22,218.18,3,Chinnaswamy
M00351,Surya Kumar Yadav,MI,35,26,134.62,1,Chepauk
M00352,Ruturaj Gaikwad,CSK,55,19,289.47,0,Wankhede
M00353,Ruturaj Gaikwad,CSK,0,25,0.0,1,Wankhede
M00354,Surya Kumar Yadav,MI,44,20,220.0,0,Eden Gardens
M00355,Shubman Gill,GT,50,35,142.86,0,Chepauk
M00356,Ruturaj Gaikwad,CSK,43,41,104.88,3,Chepauk
M00357,Jasprit Bumrah,MI,15,8,187.5,3,Chinnaswamy
M00358,Ruturaj Gaikwad,CSK,0,18,0.0,3,Eden Gardens
M00359,Shubman Gill,GT,0,27,0.0,1,Chinnaswamy
M00360,Jasprit Bumrah,MI,49,32,153.12,3,Wankhede
M00361,Jasprit Bumrah,MI,59,26,226.92,3,Wankhede
M00362,Ravindra Jadeja,CSK,0,19,0.0,1,Eden Gardens
M00363,Shubman Gill,GT,75,37,202.7,1,Wankhede
M00364,Ravindra Jadeja,CSK,7,15,46.67,1,Chepauk
M00365,Ravindra Jadeja,CSK,42,32,131.25,1,Chinnaswamy
M00366,KL Rahul,LSG,14,23,60.87,1,Chinnaswamy
M00367,KL Rahul,LSG,86,49,175.51,0,Chepauk
M00368,Rohit Sharma,MI,67,3,2233.33,1,Chinnaswamy
M00369,KL Rahul,LSG,78,17,458.82,0,Eden Gardens
M00370,Virat Kohli,RCB,39,32,121.88,2,Chepauk
M00371,Ruturaj Gaikwad,CSK,12,36,33.33,1,Chinnaswamy
M00372,Shubman Gill,GT,2,36,5.56,0,Eden Gardens
M00373,Jasprit Bumrah,MI,17,36,47.22,2,Chepauk
M00374,Ruturaj Gaikwad,CSK,14,15,93.33,0,Chinnaswamy
M00375,Shubman Gill,GT,30,20,150.0,2,Wankhede
M00376,Surya Kumar Yadav,MI,45,14,321.43,2,Chepauk
M00377,Jasprit Bumrah,MI,0,29,0.0,2,Chinnaswamy
M00378,Shubman Gill,GT,19,32,59.38,1,Chinnaswamy
M00379,KL Rahul,LSG,36,26,138.46,1,Chepauk
M00380,Ruturaj Gaikwad,CSK,17,27,62.96,1,Eden Gardens
M00381,KL Rahul,LSG,8,19,42.11,0,Chepauk
M00382,Ruturaj Gaikwad,CSK,48,26,184.62,1,Wankhede
M00383,Virat Kohli,RCB,31,17,182.35,1,Chinnaswamy
M00384,Surya Kumar Yadav,MI,28,20,140.0,0,Wankhede
M00385,Ravindra Jadeja,CSK,44,16,275.0,0,Wankhede
M00386,Jasprit Bumrah,MI,29,5,580.0,3,Wankhede
M00387,KL Rahul,LSG,15,15,100.0,2,Chepauk
M00388,Ruturaj Gaikwad,CSK,48,38,126.32,0,Wankhede
M00389,Jasprit Bumrah,MI,59,1,5900.0,2,Chepauk
M00390,Ravindra Jadeja,CSK,29,20,145.0,0,Wankhede
M00391,KL Rahul,LSG,71,25,284.0,0,Eden Gardens
M00392,KL Rahul,LSG,66,34,194.12,2,Wankhede
M00393,Surya Kumar Yadav,MI,54,28,192.86,1,Chinnaswamy
M00394,Virat Kohli,RCB,65,21,309.52,3,Eden Gardens
M00395,Shubman Gill,GT,16,39,41.03,1,Chinnaswamy
M00396,Virat Kohli,RCB,39,12,325.0,1,Eden Gardens
M00397,Ruturaj Gaikwad,CSK,66,41,160.98,1,Wankhede
M00398,Rohit Sharma,MI,15,29,51.72,0,Eden Gardens
M00399,Surya Kumar Yadav,MI,48,39,123.08,3,Eden Gardens
M00400,Jasprit Bumrah,MI,33,8,412.5,0,Chepauk
M00401,Virat Kohli,RCB,13,31,41.94,0,Eden Gardens
M00402,Jasprit Bumrah,MI,1,11,9.09,1,Eden Gardens
M00403,KL Rahul,LSG,67,33,203.03,0,Chepauk
M00404,KL Rahul,LSG,64,19,336.84,0,Eden Gardens
M00405,Surya Kumar Yadav,MI,4,26,15.38,0,Chepauk
M00406,Rohit Sharma,MI,26,19,136.84,1,Eden Gardens
M00407,Shubman Gill,GT,61,26,234.62,2,Chepauk
M00408,Ruturaj Gaikwad,CSK,46,18,255.56,0,Wankhede
M00409,Rohit Sharma,MI,8,13,61.54,2,Eden Gardens
M00410,Ruturaj Gaikwad,CSK,50,5,1000.0,1,Chepauk
M00411,Ravindra Jadeja,CSK,46,37,124.32,0,Chepauk
M00412,Rohit Sharma,MI,67,42,159.52,3,Wankhede
M00413,Jasprit Bumrah,MI,23,16,143.75,2,Chinnaswamy
M00414,Virat Kohli,RCB,37,15,246.67,0,Chinnaswamy
M00415,Jasprit Bumrah,MI,35,19,184.21,0,Chinnaswamy
M00416,Rohit Sharma,MI,51,7,728.57,2,Chinnaswamy
M00417,Ruturaj Gaikwad,CSK,77,38,202.63,2,Eden Gardens
M00418,KL Rahul,LSG,10,34,29.41,2,Wankhede
M00419,Virat Kohli,RCB,31,16,193.75,1,Chepauk
M00420,Ravindra Jadeja,CSK,45,1,4500.0,0,Wankhede
M00421,Ruturaj Gaikwad,CSK,9,24,37.5,1,Chepauk
M00422,Jasprit Bumrah,MI,40,21,190.48,1,Chinnaswamy
M00423,Virat Kohli,RCB,32,21,152.38,0,Chepauk
M00424,Jasprit Bumrah,MI,68,38,178.95,1,Chinnaswamy
M00425,Shubman Gill,GT,5,29,17.24,1,Wankhede
M00426,Shubman Gill,GT,13,44,29.55,3,Chepauk
M00427,Ravindra Jadeja,CSK,8,27,29.63,1,Chepauk
M00428,Rohit Sharma,MI,18,15,120.0,0,Wankhede
M00429,Jasprit Bumrah,MI,50,17,294.12,3,Chinnaswamy
M00430,Virat Kohli,RCB,60,40,150.0,1,Wankhede
M00431,Jasprit Bumrah,MI,8,32,25.0,1,Chepauk
M00432,Rohit Sharma,MI,53,17,311.76,3,Eden Gardens
M00433,Rohit Sharma,MI,15,24,62.5,1,Wankhede
M00434,Jasprit Bumrah,MI,62,15,413.33,1,Wankhede
M00435,KL Rahul,LSG,0,13,0.0,1,Chinnaswamy
M00436,KL Rahul,LSG,38,26,146.15,2,Chinnaswamy
M00437,Ruturaj Gaikwad,CSK,10,17,58.82,3,Wankhede
M00438,Shubman Gill,GT,37,13,284.62,2,Wankhede
M00439,Surya Kumar Yadav,MI,16,25,64.0,2,Chepauk
M00440,Surya Kumar Yadav,MI,25,25,100.0,1,Eden Gardens
M00441,Shubman Gill,GT,11,28,39.29,1,Wankhede
M00442,Shubman Gill,GT,69,10,690.0,0,Chepauk
M00443,Jasprit Bumrah,MI,10,15,66.67,0,Chinnaswamy
M00444,Shubman Gill,GT,14,17,82.35,0,Wankhede
M00445,Ravindra Jadeja,CSK,38,23,165.22,2,Chinnaswamy
M00446,Shubman Gill,GT,54,9,600.0,3,Wankhede
M00447,Rohit Sharma,MI,15,52,28.85,3,Chepauk
M00448,Rohit Sharma,MI,28,28,100.0,2,Chinnaswamy
M00449,Ruturaj Gaikwad,CSK,48,26,184.62,3,Chinnaswamy
M00450,Jasprit Bumrah,MI,28,11,254.55,0,Chepauk
M00451,Virat Kohli,RCB,29,31,93.55,0,Eden Gardens
M00452,Ravindra Jadeja,CSK,11,28,39.29,3,Chinnaswamy
M00453,Jasprit Bumrah,MI,45,25,180.0,0,Chepauk
M00454,Ravindra Jadeja,CSK,78,23,339.13,0,Chinnaswamy
M00455,Ruturaj Gaikwad,CSK,3,29,10.34,3,Chepauk
M00456,KL Rahul,LSG,51,15,340.0,3,Wankhede
M00457,Rohit Sharma,MI,48,23,208.7,2,Chepauk
M00458,Ruturaj Gaikwad,CSK,21,31,67.74,3,Chepauk
M00459,Shubman Gill,GT,35,30,116.67,2,Wankhede
M00460,Shubman Gill,GT,13,43,30.23,0,Chepauk
M00461,Rohit Sharma,MI,27,26,103.85,3,Wankhede
M00462,Ruturaj Gaikwad,CSK,77,30,256.67,1,Chepauk
M00463,Rohit Sharma,MI,38,30,126.67,0,Wankhede
M00464,Surya Kumar Yadav,MI,17,21,80.95,0,Eden Gardens
M00465,Ravindra Jadeja,CSK,26,29,89.66,2,Chepauk
M00466,KL Rahul,LSG,28,39,71.79,1,Eden Gardens
M00467,Shubman Gill,GT,47,6,783.33,1,Chepauk
M00468,KL Rahul,LSG,29,21,138.1,1,Chinnaswamy
M00469,KL Rahul,LSG,44,35,125.71,3,Chinnaswamy
M00470,Ravindra Jadeja,CSK,17,10,170.0,2,Chepauk
M00471,Surya Kumar Yadav,MI,56,23,243.48,1,Chepauk
M00472,Virat Kohli,RCB,76,40,190.0,1,Eden Gardens
M00473,Ravindra Jadeja,CSK,0,21,0.0,0,Wankhede
M00474,Rohit Sharma,MI,3,43,6.98,0,Eden Gardens
M00475,Ravindra Jadeja,CSK,27,28,96.43,3,Wankhede
M00476,Virat Kohli,RCB,3,32,9.38,0,Chepauk
M00477,Ruturaj Gaikwad,CSK,0,27,0.0,2,Wankhede
M00478,Shubman Gill,GT,39,24,162.5,1,Eden Gardens
M00479,Shubman Gill,GT,0,19,0.0,2,Chepauk
M00480,Shubman Gill,GT,28,11,254.55,0,Chepauk
M00481,KL Rahul,LSG,43,5,860.0,1,Wankhede
M00482,Virat Kohli,RCB,7,16,43.75,1,Chepauk
M00483,KL Rahul,LSG,39,21,185.71,0,Chepauk
M00484,Shubman Gill,GT,16,11,145.45,3,Wankhede
M00485,Surya Kumar Yadav,MI,22,34,64.71,0,Wankhede
M00486,Jasprit Bumrah,MI,42,19,221.05,0,Chinnaswamy
M00487,Ravindra Jadeja,CSK,0,27,0.0,0,Chinnaswamy
M00488,Ravindra Jadeja,CSK,0,23,0.0,1,Wankhede
M00489,KL Rahul,LSG,71,25,284.0,0,Eden Gardens
M00490,Ravindra Jadeja,CSK,86,26,330.77,2,Chepauk
M00491,Virat Kohli,RCB,42,23,182.61,0,Chinnaswamy
M00492,Jasprit Bumrah,MI,43,29,148.28,0,Eden Gardens
M00493,Shubman Gill,GT,23,18,127.78,0,Chinnaswamy
M00494,KL Rahul,LSG,28,21,133.33,0,Eden Gardens
M00495,Shubman Gill,GT,38,19,200.0,1,Chinnaswamy
M00496,Shubman Gill,GT,28,18,155.56,2,Wankhede
M00497,Shubman Gill,GT,81,46,176.09,1,Wankhede
M00498,Jasprit Bumrah,MI,51,11,463.64,1,Eden Gardens
M00499,Jasprit Bumrah,MI,0,25,0.0,0,Wankhede
M00500,Rohit Sharma,MI,39,26,150.0,2,Chepauk
M00501,Virat Kohli,RCB,51,7,728.57,1,Chepauk
M00502,Surya Kumar Yadav,MI,13,26,50.0,0,Chinnaswamy
M00503,Jasprit Bumrah,MI,24,20,120.0,0,Eden Gardens
M00504,Ruturaj Gaikwad,CSK,17,24,70.83,0,Wankhede
M00505,Rohit Sharma,MI,0,23,0.0,0,Chinnaswamy
M00506,Shubman Gill,GT,33,14,235.71,0,Chinnaswamy
M00507,Surya Kumar Yadav,MI,44,40,110.0,0,Wankhede
M00508,Surya Kumar Yadav,MI,43,25,172.0,0,Eden Gardens
M00509,Rohit Sharma,MI,70,14,500.0,0,Chepauk
M00510,Shubman Gill,GT,47,9,522.22,3,Chepauk
M00511,Jasprit Bumrah,MI,58,23,252.17,1,Chinnaswamy
M00512,Surya Kumar Yadav,MI,40,19,210.53,3,Chinnaswamy
M00513,Virat Kohli,RCB,36,39,92.31,0,Chepauk
M00514,Virat Kohli,RCB,58,41,141.46,0,Chinnaswamy
M00515,Surya Kumar Yadav,MI,61,16,381.25,1,Chinnaswamy
M00516,Ruturaj Gaikwad,CSK,50,26,192.31,0,Wankhede
M00517,Virat Kohli,RCB,10,18,55.56,0,Wankhede
M00518,Virat Kohli,RCB,40,12,333.33,1,Eden Gardens
M00519,Virat Kohli,RCB,0,16,0.0,1,Eden Gardens
M00520,Surya Kumar Yadav,MI,0,28,0.0,1,Eden Gardens
M00521,Surya Kumar Yadav,MI,28,41,68.29,1,Wankhede
M00522,Ruturaj Gaikwad,CSK,82,33,248.48,0,Chinnaswamy
M00523,KL Rahul,LSG,45,21,214.29,1,Eden Gardens
M00524,Jasprit Bumrah,MI,41,30,136.67,0,Eden Gardens
M00525,Shubman Gill,GT,37,29,127.59,0,Chinnaswamy
M00526,Virat Kohli,RCB,61,15,406.67,0,Chinnaswamy
M00527,Ravindra Jadeja,CSK,23,29,79.31,3,Chinnaswamy
M00528,Shubman Gill,GT,21,12,175.0,3,Chepauk
M00529,KL Rahul,LSG,40,25,160.0,1,Eden Gardens
M00530,KL Rahul,LSG,80,30,266.67,0,Eden Gardens
M00531,Ravindra Jadeja,CSK,21,29,72.41,1,Chepauk
M00532,Virat Kohli,RCB,21,27,77.78,3,Wankhede
M00533,Jasprit Bumrah,MI,36,36,100.0,0,Chinnaswamy
M00534,Ruturaj Gaikwad,CSK,36,24,150.0,0,Eden Gardens
M00535,Surya Kumar Yadav,MI,54,33,163.64,0,Wankhede
M00536,Virat Kohli,RCB,28,1,2800.0,1,Chepauk
M00537,Shubman Gill,GT,67,18,372.22,0,Chinnaswamy
M00538,Ruturaj Gaikwad,CSK,16,13,123.08,1,Chepauk
M00539,Jasprit Bumrah,MI,24,23,104.35,1,Wankhede
M00540,Jasprit Bumrah,MI,36,25,144.0,1,Eden Gardens
M00541,Surya Kumar Yadav,MI,18,19,94.74,3,Eden Gardens
M00542,Shubman Gill,GT,54,28,192.86,0,Chinnaswamy
M00543,Ruturaj Gaikwad,CSK,28,16,175.0,1,Eden Gardens
M00544,Shubman Gill,GT,30,18,166.67,1,Wankhede
M00545,Jasprit Bumrah,MI,66,14,471.43,1,Eden Gardens
M00546,Virat Kohli,RCB,45,10,450.0,1,Eden Gardens
M00547,Surya Kumar Yadav,MI,21,14,150.0,0,Eden Gardens
M00548,KL Rahul,LSG,73,32,228.12,0,Eden Gardens
M00549,Rohit Sharma,MI,0,38,0.0,3,Eden Gardens
M00550,Rohit Sharma,MI,50,17,294.12,1,Chepauk
M00551,Jasprit Bumrah,MI,7,22,31.82,0,Chinnaswamy
M00552,KL Rahul,LSG,62,19,326.32,0,Chinnaswamy
M00553,Ravindra Jadeja,CSK,29,9,322.22,1,Eden Gardens
M00554,KL Rahul,LSG,44,10,440.0,0,Eden Gardens
M00555,Virat Kohli,RCB,64,38,168.42,1,Wankhede
M00556,Surya Kumar Yadav,MI,17,22,77.27,2,Chepauk
M00557,Shubman Gill,GT,8,1,800.0,3,Chinnaswamy
M00558,KL Rahul,LSG,32,33,96.97,3,Chinnaswamy
M00559,Surya Kumar Yadav,MI,22,33,66.67,0,Chepauk
M00560,Ruturaj Gaikwad,CSK,66,38,173.68,0,Eden Gardens
M00561,Ravindra Jadeja,CSK,75,2,3750.0,0,Chepauk
M00562,Jasprit Bumrah,MI,65,21,309.52,1,Chinnaswamy
M00563,Ruturaj Gaikwad,CSK,57,27,211.11,1,Eden Gardens
M00564,Jasprit Bumrah,MI,15,32,46.88,0,Chinnaswamy
M00565,Surya Kumar Yadav,MI,71,30,236.67,0,Eden Gardens
M00566,Ruturaj Gaikwad,CSK,34,24,141.67,2,Chepauk
M00567,Jasprit Bumrah,MI,76,25,304.0,2,Chinnaswamy
M00568,Surya Kumar Yadav,MI,69,27,255.56,1,Wankhede
M00569,Virat Kohli,RCB,26,3,866.67,3,Wankhede
M00570,Rohit Sharma,MI,93,28,332.14,1,Wankhede
M00571,KL Rahul,LSG,37,19,194.74,0,Chepauk
M00572,Virat Kohli,RCB,63,29,217.24,3,Wankhede
M00573,Jasprit Bumrah,MI,4,23,17.39,1,Eden Gardens
M00574,Surya Kumar Yadav,MI,16,7,228.57,0,Wankhede
M00575,Rohit Sharma,MI,69,54,127.78,0,Chinnaswamy
M00576,Surya Kumar Yadav,MI,43,24,179.17,3,Wankhede
M00577,Shubman Gill,GT,38,18,211.11,2,Wankhede
M00578,Ruturaj Gaikwad,CSK,25,9,277.78,1,Eden Gardens
M00579,KL Rahul,LSG,22,13,169.23,1,Chepauk
M00580,KL Rahul,LSG,47,45,104.44,1,Chepauk
M00581,Ruturaj Gaikwad,CSK,17,39,43.59,1,Eden Gardens
M00582,Jasprit Bumrah,MI,22,13,169.23,0,Chepauk
M00583,Ruturaj Gaikwad,CSK,51,11,463.64,0,Eden Gardens
M00584,Ruturaj Gaikwad,CSK,82,15,546.67,0,Chepauk
M00585,KL Rahul,LSG,28,36,77.78,0,Chepauk
M00586,Virat Kohli,RCB,49,22,222.73,1,Chepauk
M00587,Jasprit Bumrah,MI,48,23,208.7,1,Chepauk
M00588,Shubman Gill,GT,47,33,142.42,1,Wankhede
M00589,Shubman Gill,GT,15,29,51.72,2,Chinnaswamy
M00590,Surya Kumar Yadav,MI,24,35,68.57,1,Chinnaswamy
M00591,Virat Kohli,RCB,23,11,209.09,0,Chinnaswamy
M00592,Virat Kohli,RCB,0,26,0.0,1,Eden Gardens
M00593,Surya Kumar Yadav,MI,55,42,130.95,0,Chinnaswamy
M00594,KL Rahul,LSG,28,38,73.68,2,Wankhede
M00595,KL Rahul,LSG,37,43,86.05,0,Wankhede
M00596,Jasprit Bumrah,MI,57,40,142.5,1,Chinnaswamy
M00597,Ravindra Jadeja,CSK,46,18,255.56,3,Eden Gardens
M00598,Rohit Sharma,MI,34,33,103.03,1,Chinnaswamy
M00599,Ravindra Jadeja,CSK,63,29,217.24,2,Chepauk
M00600,KL Rahul,LSG,57,23,247.83,0,Chinnaswamy
M00601,Jasprit Bumrah,MI,31,21,147.62,1,Eden Gardens
M00602,KL Rahul,LSG,28,12,233.33,0,Eden Gardens
M00603,KL Rahul,LSG,11,23,47.83,3,Chinnaswamy
M00604,Ruturaj Gaikwad,CSK,38,25,152.0,1,Wankhede
M00605,Jasprit Bumrah,MI,11,18,61.11,0,Chinnaswamy
M00606,Shubman Gill,GT,7,33,21.21,1,Wankhede
M00607,Shubman Gill,GT,37,19,194.74,0,Chinnaswamy
M00608,Shubman Gill,GT,19,54,35.19,2,Chepauk
M00609,KL Rahul,LSG,38,8,475.0,2,Wankhede
M00610,Ruturaj Gaikwad,CSK,57,28,203.57,0,Eden Gardens
M00611,Surya Kumar Yadav,MI,40,25,160.0,0,Chepauk
M00612,Rohit Sharma,MI,0,27,0.0,1,Eden Gardens
M00613,Virat Kohli,RCB,58,39,148.72,2,Eden Gardens
M00614,Shubman Gill,GT,58,24,241.67,0,Wankhede
M00615,Ruturaj Gaikwad,CSK,86,45,191.11,3,Chepauk
M00616,KL Rahul,LSG,14,37,37.84,1,Wankhede
M00617,Ravindra Jadeja,CSK,13,30,43.33,1,Chepauk
M00618,Jasprit Bumrah,MI,59,24,245.83,2,Eden Gardens
M00619,Virat Kohli,RCB,30,33,90.91,1,Chepauk
M00620,Virat Kohli,RCB,37,14,264.29,0,Eden Gardens
M00621,Shubman Gill,GT,0,37,0.0,2,Chepauk
M00622,Jasprit Bumrah,MI,9,17,52.94,3,Wankhede
M00623,Ruturaj Gaikwad,CSK,79,20,395.0,0,Chinnaswamy
M00624,Surya Kumar Yadav,MI,39,42,92.86,0,Wankhede
M00625,Shubman Gill,GT,35,29,120.69,2,Chinnaswamy
M00626,Ruturaj Gaikwad,CSK,34,14,242.86,3,Eden Gardens
M00627,Ravindra Jadeja,CSK,16,44,36.36,1,Chinnaswamy
M00628,Virat Kohli,RCB,29,37,78.38,1,Wankhede
M00629,Virat Kohli,RCB,37,41,90.24,0,Chepauk
M00630,Rohit Sharma,MI,0,40,0.0,0,Wankhede
M00631,KL Rahul,LSG,16,18,88.89,0,Chepauk
M00632,Jasprit Bumrah,MI,34,26,130.77,0,Wankhede
M00633,Ravindra Jadeja,CSK,8,26,30.77,2,Wankhede
M00634,Jasprit Bumrah,MI,58,22,263.64,2,Chinnaswamy
M00635,Surya Kumar Yadav,MI,57,26,219.23,0,Chepauk
M00636,Shubman Gill,GT,18,34,52.94,0,Eden Gardens
M00637,Rohit Sharma,MI,16,27,59.26,0,Wankhede
M00638,Shubman Gill,GT,65,23,282.61,1,Chinnaswamy
M00639,Ravindra Jadeja,CSK,19,23,82.61,0,Eden Gardens
M00640,Ravindra Jadeja,CSK,46,30,153.33,0,Chinnaswamy
M00641,Virat Kohli,RCB,59,24,245.83,0,Chepauk
M00642,Ruturaj Gaikwad,CSK,12,16,75.0,0,Eden Gardens
M00643,Shubman Gill,GT,24,24,100.0,0,Wankhede
M00644,Surya Kumar Yadav,MI,35,25,140.0,1,Eden Gardens
M00645,Virat Kohli,RCB,10,27,37.04,0,Wankhede
M00646,Jasprit Bumrah,MI,5,23,21.74,0,Chepauk
M00647,Virat Kohli,RCB,0,27,0.0,3,Chinnaswamy
M00648,KL Rahul,LSG,37,21,176.19,0,Wankhede
M00649,Virat Kohli,RCB,25,21,119.05,1,Chinnaswamy
M00650,Rohit Sharma,MI,22,13,169.23,0,Eden Gardens
M00651,Ruturaj Gaikwad,CSK,10,15,66.67,3,Chinnaswamy
M00652,Surya Kumar Yadav,MI,51,21,242.86,1,Wankhede
M00653,Surya Kumar Yadav,MI,32,23,139.13,1,Wankhede
M00654,Shubman Gill,GT,59,17,347.06,0,Chinnaswamy
M00655,Shubman Gill,GT,0,19,0.0,0,Chinnaswamy
M00656,Ravindra Jadeja,CSK,40,33,121.21,2,Chepauk
M00657,KL Rahul,LSG,28,25,112.0,1,Chinnaswamy
M00658,Ravindra Jadeja,CSK,43,25,172.0,1,Chepauk
M00659,KL Rahul,LSG,68,28,242.86,0,Chepauk
M00660,Ruturaj Gaikwad,CSK,0,38,0.0,3,Chepauk
M00661,Ruturaj Gaikwad,CSK,70,38,184.21,1,Eden Gardens
M00662,Shubman Gill,GT,24,21,114.29,0,Chepauk
M00663,Surya Kumar Yadav,MI,43,38,113.16,1,Chepauk
M00664,Ravindra Jadeja,CSK,7,29,24.14,3,Chinnaswamy
M00665,Surya Kumar Yadav,MI,0,28,0.0,0,Chepauk
M00666,Rohit Sharma,MI,0,17,0.0,1,Eden Gardens
M00667,Virat Kohli,RCB,65,25,260.0,3,Eden Gardens
M00668,Virat Kohli,RCB,32,45,71.11,1,Wankhede
M00669,Rohit Sharma,MI,24,30,80.0,0,Wankhede
M00670,Virat Kohli,RCB,35,9,388.89,0,Eden Gardens
M00671,Shubman Gill,GT,24,36,66.67,2,Eden Gardens
M00672,KL Rahul,LSG,22,33,66.67,0,Wankhede
M00673,Ruturaj Gaikwad,CSK,54,22,245.45,3,Chepauk
M00674,Surya Kumar Yadav,MI,77,28,275.0,2,Chinnaswamy
M00675,KL Rahul,LSG,40,13,307.69,1,Wankhede
M00676,Surya Kumar Yadav,MI,3,16,18.75,3,Chinnaswamy
M00677,Ravindra Jadeja,CSK,57,37,154.05,1,Chinnaswamy
M00678,Surya Kumar Yadav,MI,75,30,250.0,0,Eden Gardens
M00679,Virat Kohli,RCB,32,42,76.19,2,Wankhede
M00680,Rohit Sharma,MI,20,20,100.0,1,Eden Gardens
M00681,Rohit Sharma,MI,27,13,207.69,0,Chinnaswamy
M00682,KL Rahul,LSG,21,53,39.62,3,Eden Gardens
M00683,Ruturaj Gaikwad,CSK,23,6,383.33,0,Chinnaswamy
M00684,Ravindra Jadeja,CSK,5,17,29.41,0,Chinnaswamy
M00685,Surya Kumar Yadav,MI,36,16,225.0,1,Chinnaswamy
M00686,KL Rahul,LSG,41,26,157.69,0,Chepauk
M00687,Ravindra Jadeja,CSK,59,36,163.89,0,Chepauk
M00688,Shubman Gill,GT,31,27,114.81,0,Chinnaswamy
M00689,Ravindra Jadeja,CSK,51,15,340.0,2,Eden Gardens
M00690,Jasprit Bumrah,MI,38,20,190.0,0,Chinnaswamy
M00691,KL Rahul,LSG,31,31,100.0,0,Chinnaswamy
M00692,Ravindra Jadeja,CSK,12,17,70.59,1,Eden Gardens
M00693,Ravindra Jadeja,CSK,48,21,228.57,3,Chinnaswamy
M00694,Ruturaj Gaikwad,CSK,31,39,79.49,1,Wankhede
M00695,Ravindra Jadeja,CSK,26,29,89.66,2,Chepauk
M00696,KL Rahul,LSG,36,15,240.0,3,Wankhede
M00697,Jasprit Bumrah,MI,38,1,3800.0,3,Chinnaswamy
M00698,Ravindra Jadeja,CSK,41,37,110.81,0,Eden Gardens
M00699,Surya Kumar Yadav,MI,24,21,114.29,0,Wankhede
M00700,Ruturaj Gaikwad,CSK,59,29,203.45,1,Chinnaswamy
M00701,Ruturaj Gaikwad,CSK,41,31,132.26,3,Wankhede
M00702,Rohit Sharma,MI,14,37,37.84,1,Chepauk
M00703,Shubman Gill,GT,0,28,0.0,3,Wankhede
M00704,Rohit Sharma,MI,15,23,65.22,1,Wankhede
M00705,Ravindra Jadeja,CSK,41,28,146.43,3,Eden Gardens
M00706,Jasprit Bumrah,MI,40,25,160.0,3,Chinnaswamy
M00707,Ravindra Jadeja,CSK,54,3,1800.0,1,Chinnaswamy
M00708,Ravindra Jadeja,CSK,46,20,230.0,0,Chinnaswamy
M00709,Virat Kohli,RCB,56,43,130.23,0,Chinnaswamy
M00710,Ruturaj Gaikwad,CSK,36,17,211.76,2,Eden Gardens
M00711,Jasprit Bumrah,MI,77,29,265.52,2,Chinnaswamy
M00712,Shubman Gill,GT,27,17,158.82,3,Wankhede
M00713,Rohit Sharma,MI,0,38,0.0,3,Chepauk
M00714,Ravindra Jadeja,CSK,11,9,122.22,1,Wankhede
M00715,Shubman Gill,GT,38,28,135.71,1,Chepauk
M00716,Ravindra Jadeja,CSK,13,24,54.17,0,Chinnaswamy
M00717,Rohit Sharma,MI,43,17,252.94,0,Eden Gardens
M00718,Rohit Sharma,MI,0,18,0.0,0,Chinnaswamy
M00719,KL Rahul,LSG,38,23,165.22,3,Chepauk
M00720,Rohit Sharma,MI,12,37,32.43,3,Wankhede
M00721,Rohit Sharma,MI,26,22,118.18,1,Chepauk
M00722,Ravindra Jadeja,CSK,98,28,350.0,1,Wankhede
M00723,Virat Kohli,RCB,51,17,300.0,0,Eden Gardens
M00724,Virat Kohli,RCB,59,30,196.67,1,Eden Gardens
M00725,Rohit Sharma,MI,15,26,57.69,1,Wankhede
M00726,KL Rahul,LSG,45,37,121.62,3,Chinnaswamy
M00727,Surya Kumar Yadav,MI,63,14,450.0,2,Eden Gardens
M00728,Ruturaj Gaikwad,CSK,101,28,360.71,3,Wankhede
M00729,Surya Kumar Yadav,MI,0,31,0.0,1,Chepauk
M00730,Ravindra Jadeja,CSK,46,29,158.62,3,Chinnaswamy
M00731,Rohit Sharma,MI,33,19,173.68,3,Eden Gardens
M00732,KL Rahul,LSG,64,39,164.1,1,Chepauk
M00733,Virat Kohli,RCB,82,40,205.0,2,Eden Gardens
M00734,Jasprit Bumrah,MI,33,28,117.86,1,Chepauk
M00735,Rohit Sharma,MI,35,26,134.62,0,Wankhede
M00736,Jasprit Bumrah,MI,11,17,64.71,0,Wankhede
M00737,Ravindra Jadeja,CSK,24,7,342.86,0,Chepauk
M00738,Jasprit Bumrah,MI,35,32,109.38,1,Wankhede
M00739,Rohit Sharma,MI,25,16,156.25,0,Eden Gardens
M00740,Jasprit Bumrah,MI,39,23,169.57,0,Wankhede
M00741,Ravindra Jadeja,CSK,47,9,522.22,1,Eden Gardens
M00742,Surya Kumar Yadav,MI,48,27,177.78,0,Chinnaswamy
M00743,Shubman Gill,GT,10,13,76.92,0,Wankhede
M00744,KL Rahul,LSG,59,28,210.71,1,Chinnaswamy
M00745,KL Rahul,LSG,52,25,208.0,3,Eden Gardens
M00746,Ravindra Jadeja,CSK,42,12,350.0,0,Eden Gardens
M00747,Ruturaj Gaikwad,CSK,0,23,0.0,1,Eden Gardens
M00748,KL Rahul,LSG,64,6,1066.67,0,Chepauk
M00749,Surya Kumar Yadav,MI,40,26,153.85,1,Chinnaswamy
M00750,Rohit Sharma,MI,53,32,165.62,0,Eden Gardens
M00751,Virat Kohli,RCB,23,16,143.75,3,Eden Gardens
M00752,Rohit Sharma,MI,37,45,82.22,3,Chepauk
M00753,KL Rahul,LSG,22,21,104.76,3,Chepauk
M00754,Jasprit Bumrah,MI,16,15,106.67,1,Wankhede
M00755,Ruturaj Gaikwad,CSK,55,26,211.54,1,Chinnaswamy
M00756,Rohit Sharma,MI,21,32,65.62,1,Eden Gardens
M00757,KL Rahul,LSG,46,23,200.0,1,Wankhede
M00758,Ravindra Jadeja,CSK,36,15,240.0,1,Eden Gardens
M00759,Rohit Sharma,MI,13,11,118.18,0,Eden Gardens
M00760,Jasprit Bumrah,MI,39,22,177.27,0,Eden Gardens
M00761,Ruturaj Gaikwad,CSK,0,21,0.0,1,Chinnaswamy
M00762,Jasprit Bumrah,MI,67,29,231.03,1,Chepauk
M00763,Surya Kumar Yadav,MI,0,38,0.0,2,Wankhede
M00764,Ruturaj Gaikwad,CSK,68,11,618.18,1,Eden Gardens
M00765,Virat Kohli,RCB,45,25,180.0,0,Chinnaswamy
M00766,Virat Kohli,RCB,45,22,204.55,0,Chepauk
M00767,Ruturaj Gaikwad,CSK,0,29,0.0,0,Wankhede
M00768,Surya Kumar Yadav,MI,46,38,121.05,0,Eden Gardens
M00769,Jasprit Bumrah,MI,21,41,51.22,0,Chepauk
M00770,Surya Kumar Yadav,MI,56,24,233.33,1,Wankhede
M00771,Ravindra Jadeja,CSK,44,11,400.0,1,Chepauk
M00772,Ruturaj Gaikwad,CSK,91,16,568.75,2,Wankhede
M00773,Jasprit Bumrah,MI,73,42,173.81,1,Wankhede
M00774,Ruturaj Gaikwad,CSK,34,19,178.95,0,Chinnaswamy
M00775,Virat Kohli,RCB,49,1,4900.0,3,Chepauk
M00776,Shubman Gill,GT,36,23,156.52,0,Eden Gardens
M00777,Ravindra Jadeja,CSK,42,31,135.48,0,Chinnaswamy
M00778,Rohit Sharma,MI,35,19,184.21,0,Eden Gardens
M00779,Rohit Sharma,MI,17,25,68.0,1,Eden Gardens
M00780,Shubman Gill,GT,18,24,75.0,1,Wankhede
M00781,Jasprit Bumrah,MI,31,25,124.0,0,Chinnaswamy
M00782,Ravindra Jadeja,CSK,50,30,166.67,0,Chinnaswamy
M00783,Shubman Gill,GT,97,12,808.33,0,Chinnaswamy
M00784,Surya Kumar Yadav,MI,31,3,1033.33,0,Chepauk
M00785,KL Rahul,LSG,34,21,161.9,1,Chinnaswamy
M00786,Rohit Sharma,MI,77,33,233.33,3,Chepauk
M00787,Ruturaj Gaikwad,CSK,51,17,300.0,0,Chinnaswamy
M00788,Surya Kumar Yadav,MI,26,29,89.66,0,Wankhede
M00789,Rohit Sharma,MI,21,5,420.0,1,Wankhede
M00790,Shubman Gill,GT,78,28,278.57,0,Chepauk
M00791,Jasprit Bumrah,MI,44,30,146.67,0,Wankhede
M00792,Ravindra Jadeja,CSK,26,36,72.22,0,Wankhede
M00793,Ravindra Jadeja,CSK,54,12,450.0,1,Chinnaswamy
M00794,KL Rahul,LSG,52,42,123.81,0,Wankhede
M00795,KL Rahul,LSG,0,24,0.0,1,Wankhede
M00796,Rohit Sharma,MI,0,28,0.0,0,Chinnaswamy
M00797,Ruturaj Gaikwad,CSK,0,30,0.0,0,Chepauk
M00798,Ravindra Jadeja,CSK,10,31,32.26,2,Chepauk
M00799,Surya Kumar Yadav,MI,21,27,77.78,2,Chepauk
M00800,Ruturaj Gaikwad,CSK,25,8,312.5,2,Eden Gardens
M00801,Jasprit Bumrah,MI,72,37,194.59,0,Chepauk
M00802,Jasprit Bumrah,MI,46,45,102.22,3,Chepauk
M00803,Ravindra Jadeja,CSK,85,24,354.17,1,Chinnaswamy
M00804,Jasprit Bumrah,MI,44,23,191.3,0,Wankhede
M00805,Virat Kohli,RCB,48,1,4800.0,1,Eden Gardens
M00806,Ravindra Jadeja,CSK,0,24,0.0,0,Chepauk
M00807,Shubman Gill,GT,23,33,69.7,0,Chepauk
M00808,Rohit Sharma,MI,14,1,1400.0,3,Wankhede
M00809,Shubman Gill,GT,50,29,172.41,2,Eden Gardens
M00810,KL Rahul,LSG,26,25,104.0,2,Eden Gardens
M00811,Ravindra Jadeja,CSK,14,28,50.0,3,Chinnaswamy
M00812,Rohit Sharma,MI,13,15,86.67,0,Chinnaswamy
M00813,Surya Kumar Yadav,MI,28,30,93.33,1,Eden Gardens
M00814,Ruturaj Gaikwad,CSK,48,37,129.73,1,Chinnaswamy
M00815,Shubman Gill,GT,0,31,0.0,0,Eden Gardens
M00816,Rohit Sharma,MI,77,32,240.62,1,Wankhede
M00817,KL Rahul,LSG,42,20,210.0,2,Chepauk
M00818,Rohit Sharma,MI,23,31,74.19,0,Eden Gardens
M00819,Rohit Sharma,MI,84,37,227.03,3,Chepauk
M00820,Jasprit Bumrah,MI,48,22,218.18,0,Eden Gardens
M00821,Shubman Gill,GT,94,21,447.62,3,Chinnaswamy
M00822,KL Rahul,LSG,18,18,100.0,0,Chinnaswamy
M00823,Jasprit Bumrah,MI,40,23,173.91,1,Wankhede
M00824,Rohit Sharma,MI,31,37,83.78,0,Chinnaswamy
M00825,Surya Kumar Yadav,MI,61,38,160.53,2,Eden Gardens
M00826,Rohit Sharma,MI,19,22,86.36,1,Eden Gardens
M00827,KL Rahul,LSG,12,19,63.16,0,Eden Gardens
M00828,Surya Kumar Yadav,MI,22,23,95.65,0,Chepauk
M00829,Rohit Sharma,MI,0,26,0.0,3,Eden Gardens
M00830,Surya Kumar Yadav,MI,42,20,210.0,2,Eden Gardens
M00831,KL Rahul,LSG,30,22,136.36,2,Wankhede
M00832,Shubman Gill,GT,25,21,119.05,0,Wankhede
M00833,KL Rahul,LSG,23,24,95.83,0,Wankhede
M00834,Ruturaj Gaikwad,CSK,39,25,156.0,2,Chepauk
M00835,Ruturaj Gaikwad,CSK,37,33,112.12,0,Eden Gardens
M00836,KL Rahul,LSG,63,35,180.0,2,Wankhede
M00837,KL Rahul,LSG,88,31,283.87,1,Chepauk
M00838,Virat Kohli,RCB,17,17,100.0,0,Wankhede
M00839,Surya Kumar Yadav,MI,49,31,158.06,0,Wankhede
M00840,Ruturaj Gaikwad,CSK,2,26,7.69,2,Chepauk
M00841,Surya Kumar Yadav,MI,0,26,0.0,0,Wankhede
M00842,Surya Kumar Yadav,MI,0,37,0.0,1,Eden Gardens
M00843,Ravindra Jadeja,CSK,83,5,1660.0,3,Eden Gardens
M00844,Jasprit Bumrah,MI,33,30,110.0,0,Wankhede
M00845,Jasprit Bumrah,MI,30,8,375.0,1,Chepauk
M00846,Jasprit Bumrah,MI,45,19,236.84,1,Eden Gardens
M00847,Ravindra Jadeja,CSK,55,31,177.42,0,Chepauk
M00848,Surya Kumar Yadav,MI,0,37,0.0,0,Wankhede
M00849,Ravindra Jadeja,CSK,20,31,64.52,0,Wankhede
M00850,Ruturaj Gaikwad,CSK,72,1,7200.0,0,Wankhede
M00851,Rohit Sharma,MI,70,45,155.56,0,Chepauk
M00852,Ravindra Jadeja,CSK,111,29,382.76,0,Eden Gardens
M00853,Ravindra Jadeja,CSK,64,22,290.91,0,Chepauk
M00854,Ruturaj Gaikwad,CSK,42,23,182.61,0,Eden Gardens
M00855,Surya Kumar Yadav,MI,0,24,0.0,1,Chinnaswamy
M00856,Surya Kumar Yadav,MI,50,21,238.1,0,Eden Gardens
M00857,KL Rahul,LSG,44,38,115.79,1,Chepauk
M00858,Virat Kohli,RCB,54,20,270.0,0,Wankhede
M00859,Shubman Gill,GT,12,32,37.5,3,Chinnaswamy
M00860,Ravindra Jadeja,CSK,0,20,0.0,0,Chinnaswamy
M00861,Rohit Sharma,MI,52,28,185.71,2,Eden Gardens
M00862,Ruturaj Gaikwad,CSK,33,35,94.29,0,Eden Gardens
M00863,Ruturaj Gaikwad,CSK,46,29,158.62,3,Chepauk
M00864,KL Rahul,LSG,7,26,26.92,0,Chinnaswamy
M00865,KL Rahul,LSG,40,24,166.67,0,Wankhede
M00866,Shubman Gill,GT,3,30,10.0,0,Chepauk
M00867,Jasprit Bumrah,MI,78,22,354.55,0,Chinnaswamy
M00868,Shubman Gill,GT,40,44,90.91,0,Chinnaswamy
M00869,Ravindra Jadeja,CSK,58,14,414.29,2,Eden Gardens
M00870,Surya Kumar Yadav,MI,37,37,100.0,2,Eden Gardens
M00871,Surya Kumar Yadav,MI,54,28,192.86,0,Chepauk
M00872,Rohit Sharma,MI,25,33,75.76,0,Chinnaswamy
M00873,Surya Kumar Yadav,MI,35,21,166.67,2,Eden Gardens
M00874,Ruturaj Gaikwad,CSK,1,7,14.29,0,Wankhede
M00875,Jasprit Bumrah,MI,52,41,126.83,0,Eden Gardens
M00876,Surya Kumar Yadav,MI,0,42,0.0,1,Chinnaswamy
M00877,Shubman Gill,GT,36,42,85.71,1,Wankhede
M00878,Ruturaj Gaikwad,CSK,63,19,331.58,2,Eden Gardens
M00879,Shubman Gill,GT,0,23,0.0,0,Eden Gardens
M00880,Virat Kohli,RCB,0,22,0.0,2,Chepauk
M00881,Ruturaj Gaikwad,CSK,62,23,269.57,1,Chinnaswamy
M00882,Virat Kohli,RCB,25,21,119.05,1,Wankhede
M00883,Jasprit Bumrah,MI,40,25,160.0,3,Eden Gardens
M00884,Surya Kumar Yadav,MI,42,23,182.61,1,Wankhede
M00885,Ruturaj Gaikwad,CSK,36,29,124.14,1,Eden Gardens
M00886,Ruturaj Gaikwad,CSK,34,19,178.95,0,Chinnaswamy
M00887,Rohit Sharma,MI,0,38,0.0,2,Wankhede
M00888,Rohit Sharma,MI,58,32,181.25,1,Chinnaswamy
M00889,Ravindra Jadeja,CSK,34,37,91.89,2,Eden Gardens
M00890,KL Rahul,LSG,86,36,238.89,0,Chinnaswamy
M00891,Rohit Sharma,MI,72,21,342.86,1,Eden Gardens
M00892,Surya Kumar Yadav,MI,35,32,109.38,0,Chepauk
M00893,Jasprit Bumrah,MI,76,46,165.22,1,Wankhede
M00894,Rohit Sharma,MI,29,25,116.0,1,Wankhede
M00895,Ravindra Jadeja,CSK,85,16,531.25,1,Wankhede
M00896,Rohit Sharma,MI,20,20,100.0,0,Chepauk
M00897,Ravindra Jadeja,CSK,81,14,578.57,2,Chinnaswamy
M00898,Surya Kumar Yadav,MI,34,31,109.68,1,Wankhede
M00899,Ravindra Jadeja,CSK,26,33,78.79,0,Wankhede
M00900,KL Rahul,LSG,24,28,85.71,0,Eden Gardens
M00901,Virat Kohli,RCB,26,36,72.22,3,Wankhede
M00902,Shubman Gill,GT,37,22,168.18,0,Eden Gardens
M00903,Jasprit Bumrah,MI,31,25,124.0,1,Chepauk
M00904,Jasprit Bumrah,MI,81,32,253.12,1,Chepauk
M00905,Ravindra Jadeja,CSK,36,17,211.76,3,Chinnaswamy
M00906,Ravindra Jadeja,CSK,53,1,5300.0,0,Chinnaswamy
M00907,Jasprit Bumrah,MI,6,22,27.27,1,Eden Gardens
M00908,Jasprit Bumrah,MI,27,26,103.85,0,Chinnaswamy
M00909,Virat Kohli,RCB,21,15,140.0,0,Chepauk
M00910,Ravindra Jadeja,CSK,46,39,117.95,1,Eden Gardens
M00911,Ravindra Jadeja,CSK,22,22,100.0,2,Chepauk
M00912,Jasprit Bumrah,MI,47,30,156.67,0,Wankhede
M00913,KL Rahul,LSG,17,22,77.27,3,Chinnaswamy
M00914,Ruturaj Gaikwad,CSK,62,26,238.46,0,Chepauk
M00915,Surya Kumar Yadav,MI,6,24,25.0,0,Wankhede
M00916,Surya Kumar Yadav,MI,27,21,128.57,1,Eden Gardens
M00917,Surya Kumar Yadav,MI,2,20,10.0,0,Chinnaswamy
M00918,Ruturaj Gaikwad,CSK,0,39,0.0,0,Chepauk
M00919,Shubman Gill,GT,20,19,105.26,0,Wankhede
M00920,Ruturaj Gaikwad,CSK,60,39,153.85,0,Wankhede
M00921,KL Rahul,LSG,43,14,307.14,1,Wankhede
M00922,Ravindra Jadeja,CSK,38,18,211.11,1,Wankhede
M00923,Surya Kumar Yadav,MI,56,14,400.0,0,Wankhede
M00924,Ravindra Jadeja,CSK,25,29,86.21,3,Chepauk
M00925,Virat Kohli,RCB,8,16,50.0,0,Chepauk
M00926,Virat Kohli,RCB,62,28,221.43,1,Eden Gardens
M00927,Shubman Gill,GT,0,47,0.0,1,Wankhede
M00928,Ruturaj Gaikwad,CSK,0,31,0.0,1,Chinnaswamy
M00929,Virat Kohli,RCB,25,26,96.15,0,Eden Gardens
M00930,Surya Kumar Yadav,MI,20,34,58.82,1,Wankhede
M00931,Virat Kohli,RCB,35,28,125.0,0,Eden Gardens
M00932,Virat Kohli,RCB,49,29,168.97,0,Wankhede
M00933,Ravindra Jadeja,CSK,0,11,0.0,0,Eden Gardens
M00934,Shubman Gill,GT,47,22,213.64,2,Chepauk
M00935,Ruturaj Gaikwad,CSK,34,40,85.0,3,Eden Gardens
M00936,Virat Kohli,RCB,53,24,220.83,1,Wankhede
M00937,Jasprit Bumrah,MI,64,30,213.33,1,Chepauk
M00938,Shubman Gill,GT,27,26,103.85,1,Chinnaswamy
M00939,Jasprit Bumrah,MI,101,31,325.81,0,Chinnaswamy
M00940,Virat Kohli,RCB,61,28,217.86,0,Eden Gardens
M00941,Shubman Gill,GT,61,50,122.0,0,Chinnaswamy
M00942,Shubman Gill,GT,37,30,123.33,1,Wankhede
M00943,Surya Kumar Yadav,MI,68,23,295.65,1,Chepauk
M00944,Rohit Sharma,MI,11,10,110.0,0,Wankhede
M00945,Jasprit Bumrah,MI,31,30,103.33,2,Chinnaswamy
M00946,Shubman Gill,GT,5,42,11.9,0,Wankhede
M00947,Ravindra Jadeja,CSK,23,28,82.14,2,Chinnaswamy
M00948,Jasprit Bumrah,MI,77,9,855.56,3,Chepauk
M00949,Jasprit Bumrah,MI,88,13,676.92,1,Chepauk
M00950,KL Rahul,LSG,45,23,195.65,0,Eden Gardens
M00951,Rohit Sharma,MI,36,28,128.57,2,Eden Gardens
M00952,Ruturaj Gaikwad,CSK,60,16,375.0,3,Wankhede
M00953,Ruturaj Gaikwad,CSK,0,24,0.0,0,Chepauk
M00954,Surya Kumar Yadav,MI,63,24,262.5,2,Chinnaswamy
M00955,Shubman Gill,GT,18,27,66.67,0,Eden Gardens
M00956,Ruturaj Gaikwad,CSK,40,29,137.93,0,Eden Gardens
M00957,KL Rahul,LSG,50,30,166.67,0,Wankhede
M00958,Jasprit Bumrah,MI,62,19,326.32,0,Chinnaswamy
M00959,Shubman Gill,GT,35,31,112.9,1,Chinnaswamy
M00960,Jasprit Bumrah,MI,19,21,90.48,0,Chinnaswamy
M00961,Jasprit Bumrah,MI,12,17,70.59,3,Wankhede
M00962,Virat Kohli,RCB,44,22,200.0,1,Chinnaswamy
M00963,Ravindra Jadeja,CSK,62,7,885.71,0,Wankhede
M00964,Shubman Gill,GT,0,5,0.0,3,Wankhede
M00965,Surya Kumar Yadav,MI,33,27,122.22,0,Wankhede
M00966,Shubman Gill,GT,73,23,317.39,3,Chepauk
M00967,KL Rahul,LSG,57,33,172.73,1,Wankhede
M00968,Surya Kumar Yadav,MI,19,19,100.0,3,Wankhede
M00969,Rohit Sharma,MI,25,36,69.44,0,Wankhede
M00970,KL Rahul,LSG,49,25,196.0,0,Eden Gardens
M00971,Rohit Sharma,MI,0,22,0.0,0,Chepauk
M00972,Surya Kumar Yadav,MI,27,1,2700.0,0,Eden Gardens
M00973,Virat Kohli,RCB,16,19,84.21,1,Eden Gardens
M00974,Surya Kumar Yadav,MI,24,24,100.0,2,Chinnaswamy
M00975,Jasprit Bumrah,MI,38,33,115.15,3,Chinnaswamy
M00976,Shubman Gill,GT,45,18,250.0,0,Chinnaswamy
M00977,KL Rahul,LSG,38,18,211.11,2,Chepauk
M00978,Shubman Gill,GT,28,40,70.0,3,Chinnaswamy
M00979,Surya Kumar Yadav,MI,44,31,141.94,1,Wankhede
M00980,Shubman Gill,GT,11,20,55.0,0,Chepauk
M00981,Ruturaj Gaikwad,CSK,70,6,1166.67,0,Chepauk
M00982,KL Rahul,LSG,11,6,183.33,0,Chepauk
M00983,Jasprit Bumrah,MI,0,21,0.0,0,Chinnaswamy
M00984,Ravindra Jadeja,CSK,51,11,463.64,0,Chepauk
M00985,Jasprit Bumrah,MI,68,15,453.33,2,Chepauk
M00986,Ruturaj Gaikwad,CSK,0,36,0.0,1,Chinnaswamy
M00987,Ruturaj Gaikwad,CSK,32,2,1600.0,0,Chinnaswamy
M00988,KL Rahul,LSG,0,11,0.0,0,Chepauk
M00989,Ravindra Jadeja,CSK,32,14,228.57,0,Wankhede
M00990,Jasprit Bumrah,MI,32,24,133.33,0,Eden Gardens
M00991,Virat Kohli,RCB,41,37,110.81,0,Wankhede
M00992,Shubman Gill,GT,49,26,188.46,2,Chinnaswamy
M00993,Jasprit Bumrah,MI,40,32,125.0,0,Eden Gardens
M00994,Surya Kumar Yadav,MI,30,25,120.0,3,Wankhede
M00995,Surya Kumar Yadav,MI,15,28,53.57,0,Eden Gardens
M00996,Jasprit Bumrah,MI,59,26,226.92,1,Eden Gardens
M00997,Jasprit Bumrah,MI,14,30,46.67,0,Chepauk
M00998,Rohit Sharma,MI,2,26,7.69,2,Chinnaswamy
M00999,Virat Kohli,RCB,48,25,192.0,1,Chinnaswamy
M01000,Jasprit Bumrah,MI,2,18,11.11,1,Eden Gardens
M01001,Jasprit Bumrah,MI,14,39,35.9,0,Chepauk
M01002,Jasprit Bumrah,MI,59,9,655.56,3,Chinnaswamy
M01003,Virat Kohli,RCB,44,35,125.71,1,Eden Gardens
M01004,Jasprit Bumrah,MI,43,25,172.0,0,Wankhede
M01005,Ravindra Jadeja,CSK,0,37,0.0,1,Chepauk
M01006,Ruturaj Gaikwad,CSK,20,20,100.0,2,Chepauk
M01007,Jasprit Bumrah,MI,63,17,370.59,0,Eden Gardens
M01008,KL Rahul,LSG,49,24,204.17,0,Chepauk
M01009,Surya Kumar Yadav,MI,49,14,350.0,3,Chinnaswamy
M01010,Surya Kumar Yadav,MI,4,19,21.05,1,Chinnaswamy
M01011,Jasprit Bumrah,MI,0,24,0.0,1,Chepauk
M01012,Shubman Gill,GT,52,15,346.67,0,Chinnaswamy
M01013,Rohit Sharma,MI,17,40,42.5,2,Chepauk
M01014,Virat Kohli,RCB,0,49,0.0,1,Eden Gardens
M01015,Rohit Sharma,MI,26,33,78.79,0,Wankhede
M01016,Virat Kohli,RCB,56,29,193.1,0,Chepauk
M01017,Ravindra Jadeja,CSK,52,28,185.71,0,Chepauk
M01018,Shubman Gill,GT,2,26,7.69,1,Eden Gardens
M01019,Virat Kohli,RCB,30,19,157.89,0,Chinnaswamy
M01020,KL Rahul,LSG,53,15,353.33,3,Wankhede
M01021,Ruturaj Gaikwad,CSK,75,19,394.74,3,Chepauk
M01022,Rohit Sharma,MI,0,27,0.0,3,Chinnaswamy
M01023,KL Rahul,LSG,10,9,111.11,0,Wankhede
M01024,Rohit Sharma,MI,44,9,488.89,0,Chepauk
M01025,Shubman Gill,GT,67,45,148.89,0,Chinnaswamy
M01026,KL Rahul,LSG,29,26,111.54,1,Eden Gardens
M01027,Jasprit Bumrah,MI,56,35,160.0,2,Chinnaswamy
M01028,KL Rahul,LSG,85,33,257.58,1,Wankhede
M01029,KL Rahul,LSG,32,31,103.23,1,Chinnaswamy
M01030,Virat Kohli,RCB,33,21,157.14,1,Eden Gardens
M01031,Ravindra Jadeja,CSK,2,33,6.06,0,Chepauk
M01032,Ravindra Jadeja,CSK,29,25,116.0,2,Chinnaswamy
M01033,Jasprit Bumrah,MI,8,20,40.0,1,Wankhede
M01034,Jasprit Bumrah,MI,20,29,68.97,2,Wankhede
M01035,KL Rahul,LSG,64,36,177.78,0,Wankhede
M01036,Shubman Gill,GT,48,14,342.86,0,Chinnaswamy
M01037,Rohit Sharma,MI,15,28,53.57,3,Chepauk
M01038,Jasprit Bumrah,MI,35,29,120.69,1,Wankhede
M01039,Ravindra Jadeja,CSK,53,16,331.25,1,Eden Gardens
M01040,Rohit Sharma,MI,28,27,103.7,0,Chepauk
M01041,Jasprit Bumrah,MI,65,18,361.11,0,Wankhede
M01042,Jasprit Bumrah,MI,42,27,155.56,1,Chinnaswamy
M01043,Surya Kumar Yadav,MI,65,32,203.12,0,Eden Gardens
M01044,Jasprit Bumrah,MI,65,18,361.11,0,Wankhede
M01045,Shubman Gill,GT,49,32,153.12,0,Eden Gardens
M01046,Ravindra Jadeja,CSK,1,16,6.25,0,Chepauk
M01047,KL Rahul,LSG,86,26,330.77,2,Eden Gardens
M01048,Surya Kumar Yadav,MI,70,26,269.23,2,Eden Gardens
M01049,KL Rahul,LSG,50,25,200.0,0,Eden Gardens
M01050,Ruturaj Gaikwad,CSK,47,12,391.67,1,Chepauk
M01051,Virat Kohli,RCB,0,32,0.0,0,Wankhede
M01052,Surya Kumar Yadav,MI,33,22,150.0,0,Wankhede
M01053,Shubman Gill,GT,33,24,137.5,0,Chinnaswamy
M01054,Shubman Gill,GT,49,24,204.17,0,Eden Gardens
M01055,Shubman Gill,GT,44,36,122.22,0,Eden Gardens
M01056,Shubman Gill,GT,51,10,510.0,0,Chepauk
M01057,Virat Kohli,RCB,41,15,273.33,2,Eden Gardens
M01058,Rohit Sharma,MI,41,21,195.24,1,Chinnaswamy
M01059,KL Rahul,LSG,34,38,89.47,1,Chinnaswamy
M01060,KL Rahul,LSG,52,22,236.36,1,Chepauk
M01061,KL Rahul,LSG,24,48,50.0,3,Eden Gardens
M01062,Shubman Gill,GT,0,17,0.0,2,Wankhede
M01063,Surya Kumar Yadav,MI,20,8,250.0,1,Chinnaswamy
M01064,Rohit Sharma,MI,96,25,384.0,0,Wankhede
M01065,Ruturaj Gaikwad,CSK,80,33,242.42,1,Wankhede
M01066,Surya Kumar Yadav,MI,37,6,616.67,0,Eden Gardens
M01067,Ravindra Jadeja,CSK,33,21,157.14,0,Chinnaswamy
M01068,KL Rahul,LSG,67,30,223.33,1,Chinnaswamy
M01069,Ravindra Jadeja,CSK,36,30,120.0,0,Eden Gardens
M01070,Virat Kohli,RCB,28,16,175.0,0,Wankhede
M01071,Virat Kohli,RCB,31,14,221.43,3,Chepauk
M01072,Rohit Sharma,MI,55,22,250.0,2,Chepauk
M01073,Shubman Gill,GT,66,16,412.5,0,Chepauk
M01074,Surya Kumar Yadav,MI,22,12,183.33,0,Chepauk
M01075,Shubman Gill,GT,38,11,345.45,1,Chepauk
M01076,Virat Kohli,RCB,66,34,194.12,1,Chinnaswamy
M01077,Virat Kohli,RCB,56,26,215.38,1,Eden Gardens
M01078,KL Rahul,LSG,32,11,290.91,0,Chinnaswamy
M01079,KL Rahul,LSG,40,21,190.48,1,Chinnaswamy
M01080,KL Rahul,LSG,29,28,103.57,0,Chepauk
M01081,Surya Kumar Yadav,MI,45,9,500.0,1,Wankhede
M01082,Ruturaj Gaikwad,CSK,25,19,131.58,1,Chinnaswamy
M01083,Ruturaj Gaikwad,CSK,42,21,200.0,1,Wankhede
M01084,Surya Kumar Yadav,MI,21,27,77.78,0,Chepauk
M01085,Shubman Gill,GT,55,29,189.66,0,Wankhede
M01086,KL Rahul,LSG,33,28,117.86,2,Wankhede
M01087,Shubman Gill,GT,14,44,31.82,1,Chepauk
M01088,Virat Kohli,RCB,17,13,130.77,0,Chinnaswamy
M01089,Ruturaj Gaikwad,CSK,0,27,0.0,0,Chepauk
M01090,Jasprit Bumrah,MI,62,26,238.46,0,Eden Gardens
M01091,KL Rahul,LSG,65,28,232.14,3,Chepauk
M01092,Surya Kumar Yadav,MI,29,13,223.08,1,Chepauk
M01093,Shubman Gill,GT,13,35,37.14,0,Chinnaswamy
M01094,Virat Kohli,RCB,32,21,152.38,0,Chinnaswamy
M01095,Surya Kumar Yadav,MI,25,21,119.05,0,Eden Gardens
M01096,Jasprit Bumrah,MI,39,20,195.0,1,Wankhede
M01097,Ravindra Jadeja,CSK,35,11,318.18,3,Chinnaswamy
M01098,KL Rahul,LSG,58,29,200.0,0,Eden Gardens
M01099,Shubman Gill,GT,42,30,140.0,0,Eden Gardens
M01100,Virat Kohli,RCB,57,17,335.29,1,Chinnaswamy
M01101,Shubman Gill,GT,34,29,117.24,0,Chinnaswamy
M01102,KL Rahul,LSG,17,40,42.5,1,Chepauk
M01103,Jasprit Bumrah,MI,16,44,36.36,0,Wankhede
M01104,Shubman Gill,GT,38,30,126.67,1,Wankhede
M01105,Shubman Gill,GT,21,21,100.0,0,Wankhede
M01106,Surya Kumar Yadav,MI,44,13,338.46,0,Chepauk
M01107,Jasprit Bumrah,MI,85,16,531.25,1,Eden Gardens
M01108,Ravindra Jadeja,CSK,34,19,178.95,1,Chepauk
M01109,Surya Kumar Yadav,MI,20,6,333.33,1,Wankhede
M01110,Ravindra Jadeja,CSK,16,24,66.67,3,Wankhede
M01111,Ruturaj Gaikwad,CSK,30,26,115.38,2,Eden Gardens
M01112,Surya Kumar Yadav,MI,41,33,124.24,1,Chepauk
M01113,Shubman Gill,GT,46,23,200.0,3,Eden Gardens
M01114,Shubman Gill,GT,52,16,325.0,0,Chinnaswamy
M01115,Ravindra Jadeja,CSK,3,16,18.75,2,Wankhede
M01116,Ravindra Jadeja,CSK,71,24,295.83,2,Chinnaswamy
M01117,Shubman Gill,GT,65,17,382.35,2,Chinnaswamy
M01118,Shubman Gill,GT,48,17,282.35,0,Chepauk
M01119,Jasprit Bumrah,MI,47,19,247.37,2,Wankhede
M01120,KL Rahul,LSG,26,32,81.25,2,Wankhede
M01121,KL Rahul,LSG,4,27,14.81,3,Chepauk
M01122,Surya Kumar Yadav,MI,34,33,103.03,0,Chepauk
M01123,Ruturaj Gaikwad,CSK,44,10,440.0,1,Chinnaswamy
M01124,Surya Kumar Yadav,MI,34,13,261.54,2,Eden Gardens
M01125,Rohit Sharma,MI,60,38,157.89,0,Wankhede
M01126,Rohit Sharma,MI,18,23,78.26,0,Chepauk
M01127,Shubman Gill,GT,50,5,1000.0,2,Chepauk
M01128,Virat Kohli,RCB,43,10,430.0,2,Eden Gardens
M01129,Ravindra Jadeja,CSK,25,34,73.53,0,Wankhede
M01130,Ravindra Jadeja,CSK,33,29,113.79,0,Chinnaswamy
M01131,Shubman Gill,GT,25,13,192.31,0,Eden Gardens
M01132,Ravindra Jadeja,CSK,56,26,215.38,0,Chinnaswamy
M01133,KL Rahul,LSG,48,8,600.0,0,Eden Gardens
M01134,Virat Kohli,RCB,37,25,148.0,0,Wankhede
M01135,Virat Kohli,RCB,14,37,37.84,2,Eden Gardens
M01136,KL Rahul,LSG,29,20,145.0,0,Eden Gardens
M01137,Virat Kohli,RCB,16,15,106.67,0,Chepauk
M01138,Shubman Gill,GT,54,19,284.21,1,Chepauk
M01139,KL Rahul,LSG,18,29,62.07,0,Eden Gardens
M01140,Ravindra Jadeja,CSK,0,34,0.0,0,Eden Gardens
M01141,Ruturaj Gaikwad,CSK,23,27,85.19,2,Eden Gardens
M01142,Jasprit Bumrah,MI,16,34,47.06,0,Wankhede
M01143,Ravindra Jadeja,CSK,71,29,244.83,1,Wankhede
M01144,Virat Kohli,RCB,61,24,254.17,0,Chepauk
M01145,Ruturaj Gaikwad,CSK,6,28,21.43,2,Wankhede
M01146,KL Rahul,LSG,66,28,235.71,1,Chepauk
M01147,Shubman Gill,GT,13,28,46.43,3,Eden Gardens
M01148,Ruturaj Gaikwad,CSK,19,19,100.0,0,Wankhede
M01149,Shubman Gill,GT,76,2,3800.0,1,Wankhede
M01150,Rohit Sharma,MI,0,35,0.0,0,Eden Gardens
M01151,KL Rahul,LSG,57,35,162.86,0,Chepauk
M01152,KL Rahul,LSG,56,15,373.33,0,Chepauk
M01153,Shubman Gill,GT,65,13,500.0,2,Chepauk
M01154,Ravindra Jadeja,CSK,20,20,100.0,2,Chepauk
M01155,KL Rahul,LSG,0,28,0.0,0,Wankhede
M01156,Ravindra Jadeja,CSK,10,23,43.48,3,Wankhede
M01157,Ruturaj Gaikwad,CSK,50,27,185.19,1,Eden Gardens
M01158,Ruturaj Gaikwad,CSK,0,1,0.0,1,Eden Gardens
M01159,Jasprit Bumrah,MI,29,22,131.82,1,Eden Gardens
M01160,Ravindra Jadeja,CSK,35,31,112.9,0,Wankhede
M01161,KL Rahul,LSG,83,18,461.11,0,Chepauk
M01162,KL Rahul,LSG,16,15,106.67,0,Chepauk
M01163,Surya Kumar Yadav,MI,20,26,76.92,3,Wankhede
M01164,Surya Kumar Yadav,MI,81,19,426.32,1,Eden Gardens
M01165,Virat Kohli,RCB,29,15,193.33,0,Chinnaswamy
M01166,Ruturaj Gaikwad,CSK,29,29,100.0,2,Chepauk
M01167,Virat Kohli,RCB,22,35,62.86,0,Eden Gardens
M01168,Ruturaj Gaikwad,CSK,7,24,29.17,0,Chinnaswamy
M01169,Shubman Gill,GT,0,27,0.0,1,Chepauk
M01170,Shubman Gill,GT,18,32,56.25,3,Eden Gardens
M01171,Surya Kumar Yadav,MI,34,38,89.47,0,Chinnaswamy
M01172,Virat Kohli,RCB,20,19,105.26,0,Chepauk
M01173,Ruturaj Gaikwad,CSK,51,5,1020.0,0,Chepauk
M01174,Surya Kumar Yadav,MI,0,26,0.0,1,Chepauk
M01175,Rohit Sharma,MI,13,3,433.33,3,Wankhede
M01176,Surya Kumar Yadav,MI,66,26,253.85,0,Eden Gardens
M01177,Shubman Gill,GT,14,34,41.18,3,Eden Gardens
M01178,Rohit Sharma,MI,60,25,240.0,3,Chepauk
M01179,Virat Kohli,RCB,45,9,500.0,2,Chepauk
M01180,Virat Kohli,RCB,35,40,87.5,0,Eden Gardens
M01181,Shubman Gill,GT,71,26,273.08,2,Chepauk
M01182,Shubman Gill,GT,30,34,88.24,1,Eden Gardens
M01183,KL Rahul,LSG,30,1,3000.0,1,Wankhede
M01184,Shubman Gill,GT,37,28,132.14,0,Chinnaswamy
M01185,Virat Kohli,RCB,58,33,175.76,0,Chepauk
M01186,Ravindra Jadeja,CSK,38,14,271.43,0,Wankhede
M01187,KL Rahul,LSG,34,23,147.83,0,Chepauk
M01188,Ruturaj Gaikwad,CSK,31,40,77.5,1,Chepauk
M01189,Rohit Sharma,MI,49,13,376.92,2,Eden Gardens
M01190,KL Rahul,LSG,36,15,240.0,3,Eden Gardens
M01191,Ruturaj Gaikwad,CSK,0,24,0.0,0,Chinnaswamy
M01192,KL Rahul,LSG,25,30,83.33,3,Chepauk
M01193,Ravindra Jadeja,CSK,38,19,200.0,0,Eden Gardens
M01194,Shubman Gill,GT,42,17,247.06,1,Wankhede
M01195,Shubman Gill,GT,96,26,369.23,0,Eden Gardens
M01196,Ruturaj Gaikwad,CSK,39,15,260.0,3,Wankhede
M01197,Ravindra Jadeja,CSK,29,14,207.14,0,Chinnaswamy
M01198,Virat Kohli,RCB,38,4,950.0,0,Wankhede
M01199,Ravindra Jadeja,CSK,24,14,171.43,3,Wankhede
M01200,Shubman Gill,GT,18,24,75.0,2,Eden Gardens
M01201,Rohit Sharma,MI,33,32,103.12,0,Chepauk
M01202,Surya Kumar Yadav,MI,21,30,70.0,2,Eden Gardens
M01203,Jasprit Bumrah,MI,40,9,444.44,1,Chinnaswamy
M01204,Virat Kohli,RCB,6,30,20.0,0,Eden Gardens
M01205,Surya Kumar Yadav,MI,50,22,227.27,0,Chinnaswamy
M01206,Rohit Sharma,MI,27,14,192.86,3,Wankhede
M01207,Ruturaj Gaikwad,CSK,42,19,221.05,3,Chepauk
M01208,Jasprit Bumrah,MI,33,20,165.0,0,Chinnaswamy
M01209,Ravindra Jadeja,CSK,21,31,67.74,1,Eden Gardens
M01210,Virat Kohli,RCB,46,29,158.62,1,Wankhede
M01211,Rohit Sharma,MI,46,25,184.0,0,Chepauk
M01212,Shubman Gill,GT,57,15,380.0,0,Wankhede
M01213,Rohit Sharma,MI,30,23,130.43,2,Chinnaswamy
M01214,Jasprit Bumrah,MI,5,20,25.0,0,Wankhede
M01215,Shubman Gill,GT,13,18,72.22,0,Chepauk
M01216,Ruturaj Gaikwad,CSK,59,8,737.5,1,Chepauk
M01217,KL Rahul,LSG,47,12,391.67,0,Chinnaswamy
M01218,Jasprit Bumrah,MI,20,38,52.63,1,Chinnaswamy
M01219,Virat Kohli,RCB,44,31,141.94,1,Eden Gardens
M01220,Shubman Gill,GT,3,13,23.08,3,Chepauk
M01221,Jasprit Bumrah,MI,44,33,133.33,1,Chinnaswamy
M01222,Virat Kohli,RCB,21,38,55.26,0,Eden Gardens
M01223,Ravindra Jadeja,CSK,39,30,130.0,3,Chinnaswamy
M01224,Shubman Gill,GT,43,31,138.71,0,Wankhede
M01225,Shubman Gill,GT,11,22,50.0,2,Chinnaswamy
M01226,KL Rahul,LSG,0,40,0.0,0,Eden Gardens
M01227,Surya Kumar Yadav,MI,62,32,193.75,0,Chinnaswamy
M01228,Surya Kumar Yadav,MI,58,31,187.1,0,Chepauk
M01229,KL Rahul,LSG,7,18,38.89,0,Chinnaswamy
M01230,Ravindra Jadeja,CSK,0,47,0.0,0,Eden Gardens
M01231,Jasprit Bumrah,MI,62,13,476.92,1,Wankhede
M01232,Jasprit Bumrah,MI,18,24,75.0,1,Chinnaswamy
M01233,Jasprit Bumrah,MI,0,26,0.0,1,Wankhede
M01234,Rohit Sharma,MI,52,16,325.0,0,Wankhede
M01235,Surya Kumar Yadav,MI,59,24,245.83,0,Wankhede
M01236,Surya Kumar Yadav,MI,31,26,119.23,0,Chinnaswamy
M01237,Ravindra Jadeja,CSK,17,29,58.62,0,Eden Gardens
M01238,Virat Kohli,RCB,23,25,92.0,0,Chinnaswamy
M01239,Rohit Sharma,MI,33,22,150.0,0,Chinnaswamy
M01240,Ravindra Jadeja,CSK,33,6,550.0,0,Chepauk
M01241,Rohit Sharma,MI,0,24,0.0,3,Chepauk
M01242,KL Rahul,LSG,43,11,390.91,0,Wankhede
M01243,Ruturaj Gaikwad,CSK,0,31,0.0,2,Eden Gardens
M01244,Rohit Sharma,MI,28,19,147.37,1,Chinnaswamy
M01245,Rohit Sharma,MI,40,14,285.71,3,Chepauk
M01246,Virat Kohli,RCB,51,22,231.82,1,Chinnaswamy
M01247,Jasprit Bumrah,MI,0,26,0.0,1,Chinnaswamy
M01248,Surya Kumar Yadav,MI,28,42,66.67,2,Chepauk
M01249,Rohit Sharma,MI,17,37,45.95,0,Chepauk
M01250,Virat Kohli,RCB,25,31,80.65,0,Wankhede
M01251,Ruturaj Gaikwad,CSK,10,22,45.45,3,Wankhede
M01252,Jasprit Bumrah,MI,62,26,238.46,1,Wankhede
M01253,Shubman Gill,GT,23,38,60.53,0,Wankhede
M01254,KL Rahul,LSG,22,28,78.57,0,Chepauk
M01255,Jasprit Bumrah,MI,25,28,89.29,0,Wankhede
M01256,Ruturaj Gaikwad,CSK,33,35,94.29,0,Chinnaswamy
M01257,Shubman Gill,GT,34,16,212.5,0,Wankhede
M01258,Rohit Sharma,MI,0,35,0.0,1,Chepauk
M01259,Virat Kohli,RCB,3,29,10.34,0,Eden Gardens
M01260,Ruturaj Gaikwad,CSK,29,29,100.0,0,Eden Gardens
M01261,Jasprit Bumrah,MI,38,23,165.22,0,Eden Gardens
M01262,KL Rahul,LSG,8,22,36.36,3,Chepauk
M01263,Ruturaj Gaikwad,CSK,46,39,117.95,2,Wankhede
M01264,Virat Kohli,RCB,52,31,167.74,0,Chinnaswamy
M01265,Ruturaj Gaikwad,CSK,6,15,40.0,1,Wankhede
M01266,Ravindra Jadeja,CSK,24,48,50.0,1,Eden Gardens
M01267,Surya Kumar Yadav,MI,26,22,118.18,0,Chinnaswamy
M01268,Jasprit Bumrah,MI,26,23,113.04,0,Chinnaswamy
M01269,Jasprit Bumrah,MI,23,19,121.05,1,Chinnaswamy
M01270,Rohit Sharma,MI,20,18,111.11,0,Chinnaswamy
M01271,Rohit Sharma,MI,0,35,0.0,1,Wankhede
M01272,Rohit Sharma,MI,8,37,21.62,1,Wankhede
M01273,Shubman Gill,GT,6,34,17.65,2,Eden Gardens
M01274,Shubman Gill,GT,58,7,828.57,1,Chinnaswamy
M01275,Virat Kohli,RCB,20,29,68.97,1,Chinnaswamy
M01276,Jasprit Bumrah,MI,6,23,26.09,3,Chinnaswamy
M01277,Ruturaj Gaikwad,CSK,42,27,155.56,2,Eden Gardens
M01278,KL Rahul,LSG,20,35,57.14,3,Chinnaswamy
M01279,Jasprit Bumrah,MI,29,21,138.1,2,Wankhede
M01280,KL Rahul,LSG,61,32,190.62,2,Chinnaswamy
M01281,KL Rahul,LSG,18,20,90.0,0,Chepauk
M01282,Virat Kohli,RCB,21,18,116.67,0,Chinnaswamy
M01283,Shubman Gill,GT,41,30,136.67,1,Eden Gardens
M01284,Jasprit Bumrah,MI,54,45,120.0,0,Eden Gardens
M01285,Shubman Gill,GT,33,18,183.33,0,Chepauk
M01286,Rohit Sharma,MI,44,16,275.0,0,Eden Gardens
M01287,Virat Kohli,RCB,33,9,366.67,0,Chepauk
M01288,Ruturaj Gaikwad,CSK,65,44,147.73,0,Chepauk
M01289,Shubman Gill,GT,6,36,16.67,0,Chepauk
M01290,Shubman Gill,GT,26,24,108.33,3,Chinnaswamy
M01291,Jasprit Bumrah,MI,18,18,100.0,1,Eden Gardens
M01292,Rohit Sharma,MI,5,42,11.9,0,Eden Gardens
M01293,Surya Kumar Yadav,MI,51,29,175.86,0,Chepauk
M01294,Shubman Gill,GT,43,12,358.33,0,Wankhede
M01295,Ruturaj Gaikwad,CSK,74,22,336.36,0,Chinnaswamy
M01296,Virat Kohli,RCB,51,25,204.0,0,Chepauk
M01297,Rohit Sharma,MI,51,37,137.84,1,Chinnaswamy
M01298,Surya Kumar Yadav,MI,47,10,470.0,3,Chinnaswamy
M01299,Surya Kumar Yadav,MI,67,35,191.43,0,Chepauk
M01300,Ruturaj Gaikwad,CSK,0,33,0.0,0,Chinnaswamy
M01301,Ruturaj Gaikwad,CSK,6,22,27.27,0,Chepauk
M01302,Virat Kohli,RCB,0,7,0.0,1,Eden Gardens
M01303,Ravindra Jadeja,CSK,58,38,152.63,0,Chinnaswamy
M01304,Shubman Gill,GT,27,16,168.75,0,Wankhede
M01305,KL Rahul,LSG,39,37,105.41,3,Wankhede
M01306,Rohit Sharma,MI,35,9,388.89,3,Eden Gardens
M01307,Shubman Gill,GT,28,38,73.68,0,Chinnaswamy
M01308,KL Rahul,LSG,48,28,171.43,0,Eden Gardens
M01309,Rohit Sharma,MI,60,32,187.5,3,Wankhede
M01310,Ravindra Jadeja,CSK,57,20,285.0,3,Eden Gardens
M01311,Shubman Gill,GT,9,40,22.5,2,Eden Gardens
M01312,Virat Kohli,RCB,74,27,274.07,0,Eden Gardens
M01313,KL Rahul,LSG,75,11,681.82,3,Chepauk
M01314,Virat Kohli,RCB,7,32,21.88,3,Wankhede
M01315,Ruturaj Gaikwad,CSK,33,17,194.12,2,Wankhede
M01316,Ruturaj Gaikwad,CSK,34,39,87.18,0,Chinnaswamy
M01317,KL Rahul,LSG,18,47,38.3,0,Chepauk
M01318,Surya Kumar Yadav,MI,60,16,375.0,1,Wankhede
M01319,Virat Kohli,RCB,4,29,13.79,0,Chepauk
M01320,Ravindra Jadeja,CSK,22,14,157.14,2,Wankhede
M01321,Ravindra Jadeja,CSK,59,34,173.53,0,Chepauk
M01322,Shubman Gill,GT,35,15,233.33,0,Chepauk
M01323,Ruturaj Gaikwad,CSK,0,22,0.0,0,Wankhede
M01324,Jasprit Bumrah,MI,26,34,76.47,3,Eden Gardens
M01325,Rohit Sharma,MI,1,20,5.0,1,Chinnaswamy
M01326,KL Rahul,LSG,8,12,66.67,0,Chinnaswamy
M01327,Ravindra Jadeja,CSK,65,25,260.0,2,Eden Gardens
M01328,Rohit Sharma,MI,43,21,204.76,1,Eden Gardens
M01329,Rohit Sharma,MI,15,31,48.39,3,Eden Gardens
M01330,KL Rahul,LSG,39,23,169.57,1,Chepauk
M01331,Virat Kohli,RCB,18,36,50.0,1,Chinnaswamy
M01332,KL Rahul,LSG,60,15,400.0,1,Chepauk
M01333,Jasprit Bumrah,MI,0,40,0.0,0,Chinnaswamy
M01334,Ravindra Jadeja,CSK,28,26,107.69,3,Chepauk
M01335,Surya Kumar Yadav,MI,67,33,203.03,1,Chepauk
M01336,Rohit Sharma,MI,40,37,108.11,3,Wankhede
M01337,Virat Kohli,RCB,39,27,144.44,1,Eden Gardens
M01338,Virat Kohli,RCB,48,35,137.14,1,Chinnaswamy
M01339,Surya Kumar Yadav,MI,15,38,39.47,0,Chinnaswamy
M01340,Rohit Sharma,MI,11,17,64.71,1,Chinnaswamy
M01341,Ravindra Jadeja,CSK,0,22,0.0,0,Wankhede
M01342,Surya Kumar Yadav,MI,7,39,17.95,1,Chepauk
M01343,Jasprit Bumrah,MI,69,1,6900.0,0,Chinnaswamy
M01344,Ravindra Jadeja,CSK,35,3,1166.67,1,Wankhede
M01345,Rohit Sharma,MI,52,12,433.33,1,Wankhede
M01346,Ruturaj Gaikwad,CSK,51,33,154.55,0,Eden Gardens
M01347,Ravindra Jadeja,CSK,50,15,333.33,1,Chepauk
M01348,Jasprit Bumrah,MI,17,22,77.27,3,Wankhede
M01349,Ravindra Jadeja,CSK,58,40,145.0,1,Chepauk
M01350,Rohit Sharma,MI,65,22,295.45,1,Chinnaswamy
M01351,Surya Kumar Yadav,MI,44,6,733.33,1,Eden Gardens
M01352,Ruturaj Gaikwad,CSK,21,27,77.78,2,Chepauk
M01353,Ruturaj Gaikwad,CSK,44,29,151.72,3,Eden Gardens
M01354,Rohit Sharma,MI,60,2,3000.0,2,Chepauk
M01355,Surya Kumar Yadav,MI,27,24,112.5,0,Chepauk
M01356,KL Rahul,LSG,19,36,52.78,1,Chepauk
M01357,KL Rahul,LSG,30,20,150.0,1,Eden Gardens
M01358,Jasprit Bumrah,MI,66,18,366.67,1,Wankhede
M01359,Ruturaj Gaikwad,CSK,11,28,39.29,1,Chepauk
M01360,KL Rahul,LSG,62,1,6200.0,0,Eden Gardens
M01361,Ruturaj Gaikwad,CSK,0,32,0.0,0,Eden Gardens
M01362,Rohit Sharma,MI,30,46,65.22,1,Chinnaswamy
M01363,Rohit Sharma,MI,26,54,48.15,1,Eden Gardens
M01364,Shubman Gill,GT,52,35,148.57,3,Chinnaswamy
M01365,Rohit Sharma,MI,92,1,9200.0,2,Chinnaswamy
M01366,Virat Kohli,RCB,21,35,60.0,1,Eden Gardens
M01367,Jasprit Bumrah,MI,0,20,0.0,2,Wankhede
M01368,Surya Kumar Yadav,MI,0,25,0.0,1,Eden Gardens
M01369,KL Rahul,LSG,28,28,100.0,3,Chepauk
M01370,Ruturaj Gaikwad,CSK,33,10,330.0,1,Chepauk
M01371,Rohit Sharma,MI,56,9,622.22,2,Eden Gardens
M01372,KL Rahul,LSG,20,42,47.62,0,Chepauk
M01373,Ravindra Jadeja,CSK,23,24,95.83,3,Chinnaswamy
M01374,Shubman Gill,GT,30,36,83.33,2,Eden Gardens
M01375,Virat Kohli,RCB,55,24,229.17,3,Wankhede
M01376,Ravindra Jadeja,CSK,32,23,139.13,3,Chepauk
M01377,Virat Kohli,RCB,57,49,116.33,3,Eden Gardens
M01378,Shubman Gill,GT,35,17,205.88,0,Chepauk
M01379,Rohit Sharma,MI,23,34,67.65,1,Chepauk
M01380,Shubman Gill,GT,33,27,122.22,2,Eden Gardens
M01381,Surya Kumar Yadav,MI,2,15,13.33,1,Eden Gardens
M01382,Rohit Sharma,MI,60,55,109.09,0,Chepauk
M01383,Ruturaj Gaikwad,CSK,84,28,300.0,0,Wankhede
M01384,Rohit Sharma,MI,32,29,110.34,0,Chepauk
M01385,Virat Kohli,RCB,28,26,107.69,1,Chinnaswamy
M01386,Rohit Sharma,MI,8,26,30.77,1,Eden Gardens
M01387,Surya Kumar Yadav,MI,0,25,0.0,0,Chepauk
M01388,Jasprit Bumrah,MI,35,24,145.83,0,Wankhede
M01389,Virat Kohli,RCB,81,8,1012.5,0,Chinnaswamy
M01390,Surya Kumar Yadav,MI,70,19,368.42,0,Wankhede
M01391,Rohit Sharma,MI,59,34,173.53,3,Chepauk
M01392,Ruturaj Gaikwad,CSK,65,13,500.0,1,Wankhede
M01393,Virat Kohli,RCB,39,19,205.26,0,Chepauk
M01394,Surya Kumar Yadav,MI,38,33,115.15,1,Eden Gardens
M01395,Ravindra Jadeja,CSK,69,28,246.43,3,Wankhede
M01396,Ruturaj Gaikwad,CSK,17,20,85.0,0,Eden Gardens
M01397,KL Rahul,LSG,45,29,155.17,0,Eden Gardens
M01398,KL Rahul,LSG,80,28,285.71,0,Chinnaswamy
M01399,Ravindra Jadeja,CSK,21,22,95.45,1,Wankhede
M01400,Shubman Gill,GT,24,14,171.43,0,Eden Gardens
M01401,Ruturaj Gaikwad,CSK,50,15,333.33,0,Wankhede
M01402,Surya Kumar Yadav,MI,57,19,300.0,0,Eden Gardens
M01403,Ravindra Jadeja,CSK,30,13,230.77,2,Eden Gardens
M01404,Ruturaj Gaikwad,CSK,18,16,112.5,3,Chinnaswamy
M01405,Surya Kumar Yadav,MI,46,23,200.0,2,Eden Gardens
M01406,Surya Kumar Yadav,MI,20,22,90.91,3,Chepauk
M01407,Rohit Sharma,MI,48,19,252.63,0,Eden Gardens
M01408,Ravindra Jadeja,CSK,4,6,66.67,2,Eden Gardens
M01409,Ravindra Jadeja,CSK,37,23,160.87,0,Wankhede
M01410,Rohit Sharma,MI,18,25,72.0,0,Chepauk
M01411,Ravindra Jadeja,CSK,25,22,113.64,2,Chinnaswamy
M01412,Surya Kumar Yadav,MI,29,18,161.11,3,Chinnaswamy
M01413,Ravindra Jadeja,CSK,31,27,114.81,1,Wankhede
M01414,Rohit Sharma,MI,2,31,6.45,1,Eden Gardens
M01415,Jasprit Bumrah,MI,56,21,266.67,0,Eden Gardens
M01416,KL Rahul,LSG,47,19,247.37,0,Eden Gardens
M01417,KL Rahul,LSG,73,27,270.37,0,Eden Gardens
M01418,Jasprit Bumrah,MI,37,24,154.17,0,Eden Gardens
M01419,KL Rahul,LSG,17,15,113.33,3,Wankhede
M01420,Ravindra Jadeja,CSK,49,6,816.67,1,Chepauk
M01421,Shubman Gill,GT,64,24,266.67,1,Chepauk
M01422,Ruturaj Gaikwad,CSK,65,39,166.67,0,Chinnaswamy
M01423,Shubman Gill,GT,2,19,10.53,0,Chinnaswamy
M01424,Jasprit Bumrah,MI,64,1,6400.0,0,Chinnaswamy
M01425,Surya Kumar Yadav,MI,39,37,105.41,1,Eden Gardens
M01426,Shubman Gill,GT,21,30,70.0,1,Chepauk
M01427,Virat Kohli,RCB,0,31,0.0,0,Eden Gardens
M01428,Shubman Gill,GT,0,20,0.0,0,Chinnaswamy
M01429,Jasprit Bumrah,MI,47,25,188.0,0,Eden Gardens
M01430,Ruturaj Gaikwad,CSK,56,24,233.33,0,Chinnaswamy
M01431,Surya Kumar Yadav,MI,20,25,80.0,0,Chepauk
M01432,Ravindra Jadeja,CSK,8,19,42.11,1,Chepauk
M01433,Virat Kohli,RCB,3,27,11.11,0,Wankhede
M01434,Ravindra Jadeja,CSK,48,30,160.0,0,Chepauk
M01435,KL Rahul,LSG,4,18,22.22,0,Chepauk
M01436,Shubman Gill,GT,32,36,88.89,0,Chinnaswamy
M01437,Surya Kumar Yadav,MI,43,10,430.0,0,Eden Gardens
M01438,Jasprit Bumrah,MI,70,13,538.46,1,Wankhede
M01439,Rohit Sharma,MI,43,18,238.89,0,Chepauk
M01440,Ravindra Jadeja,CSK,7,23,30.43,1,Chepauk
M01441,Virat Kohli,RCB,9,36,25.0,0,Eden Gardens
M01442,Rohit Sharma,MI,46,29,158.62,1,Wankhede
M01443,Ruturaj Gaikwad,CSK,34,6,566.67,0,Wankhede
M01444,Virat Kohli,RCB,35,24,145.83,0,Chinnaswamy
M01445,Ravindra Jadeja,CSK,8,8,100.0,1,Eden Gardens
M01446,Rohit Sharma,MI,19,26,73.08,1,Chinnaswamy
M01447,KL Rahul,LSG,31,33,93.94,3,Chepauk
M01448,Shubman Gill,GT,0,32,0.0,0,Wankhede
M01449,KL Rahul,LSG,18,19,94.74,2,Eden Gardens
M01450,Ravindra Jadeja,CSK,33,18,183.33,1,Wankhede
M01451,Jasprit Bumrah,MI,35,10,350.0,1,Chinnaswamy
M01452,Ruturaj Gaikwad,CSK,66,27,244.44,0,Chinnaswamy
M01453,Ruturaj Gaikwad,CSK,37,19,194.74,1,Chinnaswamy
M01454,Shubman Gill,GT,13,31,41.94,1,Chepauk
M01455,Jasprit Bumrah,MI,41,12,341.67,1,Eden Gardens
M01456,Shubman Gill,GT,49,28,175.0,0,Chinnaswamy
M01457,Virat Kohli,RCB,21,28,75.0,2,Wankhede
M01458,Ruturaj Gaikwad,CSK,85,22,386.36,0,Chinnaswamy
M01459,Ravindra Jadeja,CSK,54,12,450.0,1,Chinnaswamy
M01460,KL Rahul,LSG,6,24,25.0,0,Chinnaswamy
M01461,Jasprit Bumrah,MI,95,53,179.25,3,Eden Gardens
M01462,Virat Kohli,RCB,39,27,144.44,1,Wankhede
M01463,Ravindra Jadeja,CSK,69,28,246.43,2,Eden Gardens
M01464,Ravindra Jadeja,CSK,81,31,261.29,1,Chinnaswamy
M01465,Ravindra Jadeja,CSK,50,25,200.0,2,Chepauk
M01466,KL Rahul,LSG,4,43,9.3,2,Chinnaswamy
M01467,Surya Kumar Yadav,MI,56,28,200.0,0,Eden Gardens
M01468,Rohit Sharma,MI,3,23,13.04,0,Chinnaswamy
M01469,Ruturaj Gaikwad,CSK,48,26,184.62,3,Chinnaswamy
M01470,Surya Kumar Yadav,MI,35,20,175.0,1,Chinnaswamy
M01471,Shubman Gill,GT,44,30,146.67,2,Chepauk
M01472,Jasprit Bumrah,MI,72,23,313.04,0,Eden Gardens
M01473,Rohit Sharma,MI,90,14,642.86,0,Chepauk
M01474,Surya Kumar Yadav,MI,13,13,100.0,3,Chepauk
M01475,Surya Kumar Yadav,MI,0,35,0.0,2,Chepauk
M01476,Jasprit Bumrah,MI,26,39,66.67,3,Wankhede
M01477,Ruturaj Gaikwad,CSK,63,27,233.33,0,Eden Gardens
M01478,KL Rahul,LSG,24,3,800.0,0,Chinnaswamy
M01479,Ravindra Jadeja,CSK,57,32,178.12,1,Wankhede
M01480,Ravindra Jadeja,CSK,33,31,106.45,0,Wankhede
M01481,KL Rahul,LSG,25,28,89.29,3,Chepauk
M01482,Jasprit Bumrah,MI,99,19,521.05,0,Chepauk
M01483,Surya Kumar Yadav,MI,29,16,181.25,2,Eden Gardens
M01484,Ravindra Jadeja,CSK,62,26,238.46,2,Wankhede
M01485,Jasprit Bumrah,MI,36,30,120.0,0,Chinnaswamy
M01486,Ravindra Jadeja,CSK,4,4,100.0,0,Wankhede
M01487,Rohit Sharma,MI,6,38,15.79,0,Chepauk
M01488,Ravindra Jadeja,CSK,69,8,862.5,2,Eden Gardens
M01489,Surya Kumar Yadav,MI,77,15,513.33,0,Eden Gardens
M01490,KL Rahul,LSG,15,37,40.54,0,Wankhede
M01491,Shubman Gill,GT,27,14,192.86,0,Chepauk
M01492,Jasprit Bumrah,MI,35,22,159.09,0,Chepauk
M01493,Surya Kumar Yadav,MI,16,6,266.67,1,Chepauk
M01494,Shubman Gill,GT,72,17,423.53,0,Wankhede
M01495,Rohit Sharma,MI,1,23,4.35,1,Wankhede
M01496,Rohit Sharma,MI,84,31,270.97,1,Chepauk
M01497,Shubman Gill,GT,49,24,204.17,1,Chepauk
M01498,Surya Kumar Yadav,MI,62,13,476.92,2,Eden Gardens
M01499,Shubman Gill,GT,9,36,25.0,1,Wankhede
M01500,Ravindra Jadeja,CSK,58,5,1160.0,1,Wankhede
M01501,Ruturaj Gaikwad,CSK,45,31,145.16,1,Chinnaswamy
M01502,Shubman Gill,GT,0,18,0.0,0,Wankhede
M01503,Ravindra Jadeja,CSK,69,35,197.14,1,Chinnaswamy
M01504,Jasprit Bumrah,MI,12,31,38.71,0,Wankhede
M01505,Jasprit Bumrah,MI,32,24,133.33,0,Chinnaswamy
M01506,Ruturaj Gaikwad,CSK,36,19,189.47,1,Eden Gardens
M01507,Surya Kumar Yadav,MI,45,25,180.0,0,Wankhede
M01508,Ravindra Jadeja,CSK,0,33,0.0,1,Chinnaswamy
M01509,Rohit Sharma,MI,79,22,359.09,0,Eden Gardens
M01510,Ravindra Jadeja,CSK,13,38,34.21,2,Chinnaswamy
M01511,Shubman Gill,GT,50,14,357.14,0,Eden Gardens
M01512,Virat Kohli,RCB,51,29,175.86,1,Chepauk
M01513,Surya Kumar Yadav,MI,31,32,96.88,0,Eden Gardens
M01514,Rohit Sharma,MI,55,26,211.54,0,Chepauk
M01515,Rohit Sharma,MI,18,26,69.23,0,Eden Gardens
M01516,Shubman Gill,GT,29,20,145.0,3,Wankhede
M01517,Shubman Gill,GT,7,24,29.17,0,Wankhede
M01518,Shubman Gill,GT,36,25,144.0,1,Wankhede
M01519,Ruturaj Gaikwad,CSK,40,40,100.0,2,Chepauk
M01520,Rohit Sharma,MI,55,17,323.53,0,Wankhede
M01521,Surya Kumar Yadav,MI,19,30,63.33,3,Wankhede
M01522,Surya Kumar Yadav,MI,56,23,243.48,0,Chinnaswamy
M01523,Jasprit Bumrah,MI,17,33,51.52,3,Chepauk
M01524,KL Rahul,LSG,0,21,0.0,0,Chinnaswamy
M01525,Ruturaj Gaikwad,CSK,53,35,151.43,3,Chepauk
M01526,Rohit Sharma,MI,10,32,31.25,3,Chinnaswamy
M01527,Ruturaj Gaikwad,CSK,32,23,139.13,0,Wankhede
M01528,Virat Kohli,RCB,48,21,228.57,0,Chinnaswamy
M01529,Surya Kumar Yadav,MI,62,13,476.92,0,Chepauk
M01530,Surya Kumar Yadav,MI,67,30,223.33,0,Eden Gardens
M01531,KL Rahul,LSG,41,19,215.79,2,Chepauk
M01532,Ravindra Jadeja,CSK,28,31,90.32,0,Eden Gardens
M01533,Ruturaj Gaikwad,CSK,0,27,0.0,0,Wankhede
M01534,Ravindra Jadeja,CSK,56,41,136.59,0,Chepauk
M01535,Jasprit Bumrah,MI,3,22,13.64,1,Chinnaswamy
M01536,Ravindra Jadeja,CSK,4,23,17.39,1,Chepauk
M01537,Jasprit Bumrah,MI,23,26,88.46,2,Chepauk
M01538,Surya Kumar Yadav,MI,66,21,314.29,0,Eden Gardens
M01539,Jasprit Bumrah,MI,34,26,130.77,3,Chinnaswamy
M01540,KL Rahul,LSG,31,20,155.0,0,Wankhede
M01541,Jasprit Bumrah,MI,47,14,335.71,0,Eden Gardens
M01542,Rohit Sharma,MI,13,35,37.14,0,Eden Gardens
M01543,Ravindra Jadeja,CSK,59,17,347.06,3,Chepauk
M01544,Shubman Gill,GT,19,26,73.08,0,Wankhede
M01545,Surya Kumar Yadav,MI,1,24,4.17,1,Eden Gardens
M01546,KL Rahul,LSG,31,37,83.78,0,Wankhede
M01547,Jasprit Bumrah,MI,0,21,0.0,0,Chepauk
M01548,Virat Kohli,RCB,31,25,124.0,1,Chepauk
M01549,Surya Kumar Yadav,MI,54,23,234.78,1,Chinnaswamy
M01550,Shubman Gill,GT,51,22,231.82,0,Wankhede
M01551,KL Rahul,LSG,17,26,65.38,0,Chinnaswamy
M01552,KL Rahul,LSG,51,15,340.0,3,Chinnaswamy
M01553,Surya Kumar Yadav,MI,28,19,147.37,1,Chinnaswamy
M01554,Ravindra Jadeja,CSK,0,26,0.0,3,Eden Gardens
M01555,Ruturaj Gaikwad,CSK,0,25,0.0,1,Eden Gardens
M01556,Shubman Gill,GT,39,18,216.67,1,Chepauk
M01557,Virat Kohli,RCB,37,29,127.59,3,Eden Gardens
M01558,Shubman Gill,GT,15,18,83.33,0,Chinnaswamy
M01559,Shubman Gill,GT,60,22,272.73,0,Eden Gardens
M01560,Ruturaj Gaikwad,CSK,59,32,184.38,0,Wankhede
M01561,Virat Kohli,RCB,32,22,145.45,0,Chepauk
M01562,Jasprit Bumrah,MI,34,33,103.03,1,Chepauk
M01563,Ruturaj Gaikwad,CSK,52,14,371.43,2,Chepauk
M01564,Ravindra Jadeja,CSK,60,18,333.33,0,Chinnaswamy
M01565,Rohit Sharma,MI,87,24,362.5,2,Chinnaswamy
M01566,Virat Kohli,RCB,34,19,178.95,3,Wankhede
M01567,Ravindra Jadeja,CSK,29,17,170.59,2,Chinnaswamy
M01568,Virat Kohli,RCB,18,23,78.26,1,Wankhede
M01569,Surya Kumar Yadav,MI,30,19,157.89,1,Eden Gardens
M01570,Ruturaj Gaikwad,CSK,36,29,124.14,0,Wankhede
M01571,KL Rahul,LSG,54,28,192.86,3,Wankhede
M01572,Surya Kumar Yadav,MI,48,28,171.43,1,Chinnaswamy
M01573,Ravindra Jadeja,CSK,0,26,0.0,0,Eden Gardens
M01574,Surya Kumar Yadav,MI,3,27,11.11,0,Chinnaswamy
M01575,Surya Kumar Yadav,MI,7,8,87.5,0,Chinnaswamy
M01576,Surya Kumar Yadav,MI,56,18,311.11,1,Wankhede
M01577,Shubman Gill,GT,59,36,163.89,2,Chinnaswamy
M01578,Surya Kumar Yadav,MI,20,27,74.07,0,Wankhede
M01579,Shubman Gill,GT,15,27,55.56,3,Chinnaswamy
M01580,Shubman Gill,GT,24,2,1200.0,0,Chepauk
M01581,Ravindra Jadeja,CSK,22,16,137.5,0,Eden Gardens
M01582,Virat Kohli,RCB,28,19,147.37,2,Wankhede
M01583,Jasprit Bumrah,MI,0,25,0.0,3,Chinnaswamy
M01584,Virat Kohli,RCB,45,27,166.67,1,Wankhede
M01585,Ruturaj Gaikwad,CSK,29,36,80.56,1,Chinnaswamy
M01586,Jasprit Bumrah,MI,60,32,187.5,0,Chinnaswamy
M01587,Ravindra Jadeja,CSK,22,27,81.48,1,Wankhede
M01588,Virat Kohli,RCB,65,34,191.18,0,Eden Gardens
M01589,KL Rahul,LSG,0,29,0.0,0,Wankhede
M01590,Ravindra Jadeja,CSK,31,24,129.17,0,Wankhede
M01591,Ravindra Jadeja,CSK,37,21,176.19,3,Eden Gardens
M01592,Surya Kumar Yadav,MI,38,26,146.15,1,Chepauk
M01593,Ruturaj Gaikwad,CSK,37,58,63.79,0,Eden Gardens
M01594,Rohit Sharma,MI,36,19,189.47,0,Chinnaswamy
M01595,Virat Kohli,RCB,87,3,2900.0,1,Wankhede
M01596,Rohit Sharma,MI,74,24,308.33,1,Eden Gardens
M01597,Rohit Sharma,MI,16,33,48.48,1,Chepauk
M01598,KL Rahul,LSG,35,33,106.06,2,Chepauk
M01599,Surya Kumar Yadav,MI,20,19,105.26,1,Eden Gardens
M01600,Surya Kumar Yadav,MI,72,15,480.0,0,Chinnaswamy
M01601,Shubman Gill,GT,22,31,70.97,1,Wankhede
M01602,Rohit Sharma,MI,29,29,100.0,3,Chepauk
M01603,Ravindra Jadeja,CSK,78,29,268.97,0,Chinnaswamy
M01604,Virat Kohli,RCB,0,30,0.0,2,Eden Gardens
M01605,Surya Kumar Yadav,MI,1,14,7.14,0,Chepauk
M01606,Shubman Gill,GT,45,21,214.29,3,Chinnaswamy
M01607,Rohit Sharma,MI,0,6,0.0,2,Eden Gardens
M01608,Ruturaj Gaikwad,CSK,49,20,245.0,0,Chinnaswamy
M01609,Shubman Gill,GT,0,15,0.0,0,Chinnaswamy
M01610,Shubman Gill,GT,0,41,0.0,1,Wankhede
M01611,Shubman Gill,GT,59,20,295.0,3,Chepauk
M01612,Virat Kohli,RCB,7,33,21.21,3,Chepauk
M01613,Virat Kohli,RCB,67,19,352.63,1,Chepauk
M01614,Rohit Sharma,MI,14,30,46.67,1,Chinnaswamy
M01615,Jasprit Bumrah,MI,30,22,136.36,3,Eden Gardens
M01616,Surya Kumar Yadav,MI,0,26,0.0,0,Chinnaswamy
M01617,Ruturaj Gaikwad,CSK,39,20,195.0,2,Chepauk
M01618,Jasprit Bumrah,MI,47,35,134.29,3,Chepauk
M01619,Rohit Sharma,MI,52,43,120.93,1,Eden Gardens
M01620,Surya Kumar Yadav,MI,53,10,530.0,0,Eden Gardens
M01621,Shubman Gill,GT,0,37,0.0,1,Chinnaswamy
M01622,Surya Kumar Yadav,MI,59,30,196.67,1,Wankhede
M01623,Ruturaj Gaikwad,CSK,10,1,1000.0,0,Chinnaswamy
M01624,Ravindra Jadeja,CSK,58,32,181.25,0,Wankhede
M01625,Surya Kumar Yadav,MI,75,29,258.62,0,Chinnaswamy
M01626,Jasprit Bumrah,MI,22,43,51.16,3,Wankhede
M01627,Virat Kohli,RCB,38,27,140.74,0,Chinnaswamy
M01628,Rohit Sharma,MI,5,32,15.62,1,Chinnaswamy
M01629,KL Rahul,LSG,79,15,526.67,1,Chinnaswamy
M01630,Ruturaj Gaikwad,CSK,93,25,372.0,2,Chepauk
M01631,KL Rahul,LSG,52,21,247.62,0,Chinnaswamy
M01632,Shubman Gill,GT,30,22,136.36,3,Wankhede
M01633,KL Rahul,LSG,40,19,210.53,2,Eden Gardens
M01634,KL Rahul,LSG,49,30,163.33,0,Chepauk
M01635,KL Rahul,LSG,42,28,150.0,0,Chepauk
M01636,Virat Kohli,RCB,54,26,207.69,3,Chinnaswamy
M01637,Jasprit Bumrah,MI,9,28,32.14,0,Chinnaswamy
M01638,Virat Kohli,RCB,45,20,225.0,1,Wankhede
M01639,Jasprit Bumrah,MI,41,23,178.26,1,Chinnaswamy
M01640,Virat Kohli,RCB,63,6,1050.0,3,Chepauk
M01641,KL Rahul,LSG,20,26,76.92,2,Chepauk
M01642,KL Rahul,LSG,70,9,777.78,0,Chinnaswamy
M01643,Ruturaj Gaikwad,CSK,30,31,96.77,0,Wankhede
M01644,Rohit Sharma,MI,34,15,226.67,0,Wankhede
M01645,Ravindra Jadeja,CSK,20,28,71.43,2,Wankhede
M01646,Surya Kumar Yadav,MI,40,16,250.0,1,Chinnaswamy
M01647,Rohit Sharma,MI,46,31,148.39,0,Chinnaswamy
M01648,Ruturaj Gaikwad,CSK,15,18,83.33,0,Eden Gardens
M01649,Ravindra Jadeja,CSK,16,27,59.26,1,Eden Gardens
M01650,Jasprit Bumrah,MI,70,37,189.19,0,Chinnaswamy
M01651,Surya Kumar Yadav,MI,0,40,0.0,1,Chinnaswamy
M01652,Ravindra Jadeja,CSK,37,27,137.04,2,Wankhede
M01653,Ruturaj Gaikwad,CSK,43,41,104.88,2,Eden Gardens
M01654,Jasprit Bumrah,MI,13,39,33.33,0,Eden Gardens
M01655,KL Rahul,LSG,28,39,71.79,0,Eden Gardens
M01656,KL Rahul,LSG,10,31,32.26,1,Wankhede
M01657,Ruturaj Gaikwad,CSK,39,9,433.33,0,Wankhede
M01658,Ruturaj Gaikwad,CSK,29,18,161.11,3,Eden Gardens
M01659,Jasprit Bumrah,MI,33,22,150.0,0,Chinnaswamy
M01660,Virat Kohli,RCB,21,5,420.0,3,Chepauk
M01661,Ruturaj Gaikwad,CSK,5,20,25.0,1,Eden Gardens
M01662,Rohit Sharma,MI,57,38,150.0,3,Wankhede
M01663,Ravindra Jadeja,CSK,0,26,0.0,1,Chinnaswamy
M01664,Virat Kohli,RCB,44,1,4400.0,1,Chinnaswamy
M01665,Virat Kohli,RCB,70,29,241.38,0,Wankhede
M01666,Rohit Sharma,MI,59,33,178.79,0,Chinnaswamy
M01667,KL Rahul,LSG,83,41,202.44,0,Chinnaswamy
M01668,Ruturaj Gaikwad,CSK,12,24,50.0,0,Wankhede
M01669,Ruturaj Gaikwad,CSK,0,24,0.0,1,Eden Gardens
M01670,Jasprit Bumrah,MI,79,22,359.09,3,Chepauk
M01671,KL Rahul,LSG,30,5,600.0,1,Eden Gardens
M01672,Ravindra Jadeja,CSK,23,30,76.67,1,Wankhede
M01673,Ruturaj Gaikwad,CSK,45,23,195.65,2,Eden Gardens
M01674,KL Rahul,LSG,50,23,217.39,2,Wankhede
M01675,Ravindra Jadeja,CSK,19,22,86.36,0,Chinnaswamy
M01676,Ruturaj Gaikwad,CSK,57,28,203.57,1,Chepauk
M01677,Ravindra Jadeja,CSK,18,41,43.9,1,Chinnaswamy
M01678,KL Rahul,LSG,33,30,110.0,0,Chepauk
M01679,Surya Kumar Yadav,MI,61,29,210.34,1,Eden Gardens
M01680,Jasprit Bumrah,MI,65,42,154.76,3,Wankhede
M01681,Virat Kohli,RCB,51,30,170.0,3,Wankhede
M01682,Virat Kohli,RCB,60,22,272.73,0,Chepauk
M01683,Virat Kohli,RCB,32,13,246.15,0,Eden Gardens
M01684,Shubman Gill,GT,54,25,216.0,1,Chinnaswamy
M01685,Ravindra Jadeja,CSK,73,28,260.71,0,Eden Gardens
M01686,Jasprit Bumrah,MI,44,19,231.58,3,Eden Gardens
M01687,Ruturaj Gaikwad,CSK,30,34,88.24,1,Wankhede
M01688,Shubman Gill,GT,52,22,236.36,0,Wankhede
M01689,Ravindra Jadeja,CSK,52,29,179.31,2,Chinnaswamy
M01690,Virat Kohli,RCB,22,34,64.71,2,Wankhede
M01691,Ravindra Jadeja,CSK,22,17,129.41,1,Chinnaswamy
M01692,Ruturaj Gaikwad,CSK,18,30,60.0,3,Wankhede
M01693,Rohit Sharma,MI,0,32,0.0,0,Chepauk
M01694,Rohit Sharma,MI,40,18,222.22,1,Chinnaswamy
M01695,Jasprit Bumrah,MI,37,33,112.12,0,Wankhede
M01696,Ruturaj Gaikwad,CSK,72,24,300.0,0,Eden Gardens
M01697,Shubman Gill,GT,48,32,150.0,0,Eden Gardens
M01698,Virat Kohli,RCB,23,32,71.88,3,Chepauk
M01699,Shubman Gill,GT,30,21,142.86,0,Chepauk
M01700,Virat Kohli,RCB,77,26,296.15,3,Chepauk
M01701,KL Rahul,LSG,0,33,0.0,0,Wankhede
M01702,Jasprit Bumrah,MI,26,35,74.29,0,Chepauk
M01703,Ruturaj Gaikwad,CSK,0,13,0.0,1,Chepauk
M01704,KL Rahul,LSG,5,23,21.74,0,Chinnaswamy
M01705,Shubman Gill,GT,47,39,120.51,2,Eden Gardens
M01706,KL Rahul,LSG,15,41,36.59,1,Wankhede
M01707,Jasprit Bumrah,MI,12,20,60.0,0,Eden Gardens
M01708,KL Rahul,LSG,10,37,27.03,1,Wankhede
M01709,Shubman Gill,GT,22,8,275.0,0,Eden Gardens
M01710,Shubman Gill,GT,72,31,232.26,0,Chinnaswamy
M01711,Ravindra Jadeja,CSK,40,21,190.48,2,Eden Gardens
M01712,Ruturaj Gaikwad,CSK,44,24,183.33,0,Chinnaswamy
M01713,Rohit Sharma,MI,22,21,104.76,2,Chepauk
M01714,KL Rahul,LSG,64,31,206.45,1,Chinnaswamy
M01715,Rohit Sharma,MI,26,35,74.29,1,Eden Gardens
M01716,Jasprit Bumrah,MI,56,45,124.44,2,Chepauk
M01717,Surya Kumar Yadav,MI,47,25,188.0,2,Eden Gardens
M01718,Surya Kumar Yadav,MI,44,22,200.0,1,Wankhede
M01719,Rohit Sharma,MI,46,14,328.57,2,Eden Gardens
M01720,KL Rahul,LSG,13,36,36.11,1,Chepauk
M01721,Rohit Sharma,MI,5,9,55.56,2,Eden Gardens
M01722,Virat Kohli,RCB,56,20,280.0,0,Wankhede
M01723,Virat Kohli,RCB,61,12,508.33,1,Wankhede
M01724,Shubman Gill,GT,72,26,276.92,0,Eden Gardens
M01725,Ruturaj Gaikwad,CSK,92,40,230.0,1,Chepauk
M01726,Virat Kohli,RCB,35,36,97.22,0,Wankhede
M01727,Rohit Sharma,MI,62,17,364.71,2,Chinnaswamy
M01728,Ruturaj Gaikwad,CSK,42,26,161.54,1,Chepauk
M01729,Surya Kumar Yadav,MI,37,24,154.17,0,Chinnaswamy
M01730,Ruturaj Gaikwad,CSK,11,16,68.75,3,Eden Gardens
M01731,Jasprit Bumrah,MI,26,10,260.0,1,Wankhede
M01732,Surya Kumar Yadav,MI,0,16,0.0,0,Wankhede
M01733,Ravindra Jadeja,CSK,57,43,132.56,0,Chepauk
M01734,Ravindra Jadeja,CSK,17,13,130.77,0,Chepauk
M01735,Rohit Sharma,MI,7,43,16.28,2,Chepauk
M01736,Jasprit Bumrah,MI,31,31,100.0,0,Chepauk
M01737,KL Rahul,LSG,48,53,90.57,3,Chinnaswamy
M01738,Virat Kohli,RCB,71,27,262.96,3,Chinnaswamy
M01739,Virat Kohli,RCB,20,24,83.33,0,Wankhede
M01740,Surya Kumar Yadav,MI,0,22,0.0,1,Chinnaswamy
M01741,Rohit Sharma,MI,63,31,203.23,0,Chepauk
M01742,Ruturaj Gaikwad,CSK,18,29,62.07,3,Eden Gardens
M01743,Jasprit Bumrah,MI,74,31,238.71,0,Wankhede
M01744,Rohit Sharma,MI,26,25,104.0,0,Chinnaswamy
M01745,Rohit Sharma,MI,0,25,0.0,0,Chinnaswamy
M01746,Surya Kumar Yadav,MI,33,18,183.33,0,Wankhede
M01747,Shubman Gill,GT,32,23,139.13,1,Wankhede
M01748,Ravindra Jadeja,CSK,26,33,78.79,0,Chinnaswamy
M01749,Shubman Gill,GT,41,9,455.56,0,Wankhede
M01750,KL Rahul,LSG,51,30,170.0,1,Wankhede
M01751,Rohit Sharma,MI,42,32,131.25,0,Chinnaswamy
M01752,Shubman Gill,GT,4,34,11.76,0,Chepauk
M01753,Ruturaj Gaikwad,CSK,39,46,84.78,2,Chinnaswamy
M01754,Rohit Sharma,MI,20,26,76.92,2,Chinnaswamy
M01755,Virat Kohli,RCB,59,15,393.33,2,Eden Gardens
M01756,Ravindra Jadeja,CSK,36,24,150.0,0,Eden Gardens
M01757,Shubman Gill,GT,67,15,446.67,2,Chepauk
M01758,Rohit Sharma,MI,33,28,117.86,0,Chepauk
M01759,Surya Kumar Yadav,MI,3,37,8.11,2,Chinnaswamy
M01760,Virat Kohli,RCB,29,9,322.22,1,Wankhede
M01761,Shubman Gill,GT,6,24,25.0,2,Eden Gardens
M01762,Surya Kumar Yadav,MI,64,1,6400.0,1,Wankhede
M01763,Shubman Gill,GT,31,37,83.78,0,Chinnaswamy
M01764,Jasprit Bumrah,MI,46,18,255.56,3,Wankhede
M01765,Jasprit Bumrah,MI,13,26,50.0,1,Chinnaswamy
M01766,Virat Kohli,RCB,11,38,28.95,0,Eden Gardens
M01767,Jasprit Bumrah,MI,40,17,235.29,3,Wankhede
M01768,Surya Kumar Yadav,MI,70,24,291.67,0,Wankhede
M01769,KL Rahul,LSG,21,24,87.5,3,Chepauk
M01770,Rohit Sharma,MI,59,22,268.18,0,Chinnaswamy
M01771,KL Rahul,LSG,7,12,58.33,1,Chinnaswamy
M01772,Ravindra Jadeja,CSK,48,28,171.43,1,Chinnaswamy
M01773,Ruturaj Gaikwad,CSK,5,34,14.71,0,Eden Gardens
M01774,Ravindra Jadeja,CSK,32,26,123.08,1,Eden Gardens
M01775,Shubman Gill,GT,48,29,165.52,0,Eden Gardens
M01776,Surya Kumar Yadav,MI,20,21,95.24,1,Eden Gardens
M01777,KL Rahul,LSG,81,30,270.0,1,Chepauk
M01778,Rohit Sharma,MI,63,24,262.5,1,Wankhede
M01779,Rohit Sharma,MI,26,20,130.0,1,Eden Gardens
M01780,Rohit Sharma,MI,67,20,335.0,3,Chepauk
M01781,KL Rahul,LSG,18,19,94.74,0,Wankhede
M01782,Ravindra Jadeja,CSK,37,26,142.31,0,Wankhede
M01783,Surya Kumar Yadav,MI,30,4,750.0,3,Wankhede
M01784,KL Rahul,LSG,13,21,61.9,0,Chinnaswamy
M01785,Jasprit Bumrah,MI,0,24,0.0,3,Wankhede
M01786,Rohit Sharma,MI,43,35,122.86,0,Eden Gardens
M01787,Jasprit Bumrah,MI,0,25,0.0,3,Chinnaswamy
M01788,Rohit Sharma,MI,31,33,93.94,2,Chinnaswamy
M01789,Ruturaj Gaikwad,CSK,70,35,200.0,1,Wankhede
M01790,Jasprit Bumrah,MI,16,40,40.0,1,Chinnaswamy
M01791,KL Rahul,LSG,21,22,95.45,3,Eden Gardens
M01792,Ruturaj Gaikwad,CSK,98,14,700.0,1,Chinnaswamy
M01793,Rohit Sharma,MI,9,26,34.62,1,Eden Gardens
M01794,Virat Kohli,RCB,30,27,111.11,0,Chinnaswamy
M01795,Rohit Sharma,MI,13,14,92.86,0,Wankhede
M01796,Surya Kumar Yadav,MI,35,45,77.78,2,Eden Gardens
M01797,Virat Kohli,RCB,33,25,132.0,0,Chepauk
M01798,Jasprit Bumrah,MI,82,32,256.25,0,Chepauk
M01799,Shubman Gill,GT,29,29,100.0,0,Wankhede
M01800,Shubman Gill,GT,0,1,0.0,1,Chepauk
M01801,Shubman Gill,GT,19,14,135.71,0,Wankhede
M01802,Jasprit Bumrah,MI,22,12,183.33,3,Chepauk
M01803,Surya Kumar Yadav,MI,73,21,347.62,0,Wankhede
M01804,Virat Kohli,RCB,47,26,180.77,2,Wankhede
M01805,Ruturaj Gaikwad,CSK,36,30,120.0,0,Eden Gardens
M01806,Rohit Sharma,MI,27,46,58.7,1,Chepauk
M01807,Shubman Gill,GT,26,43,60.47,1,Wankhede
M01808,Ruturaj Gaikwad,CSK,30,21,142.86,3,Chepauk
M01809,Ravindra Jadeja,CSK,24,41,58.54,0,Chepauk
M01810,Ravindra Jadeja,CSK,57,20,285.0,2,Chepauk
M01811,Virat Kohli,RCB,26,36,72.22,2,Wankhede
M01812,Virat Kohli,RCB,90,38,236.84,0,Eden Gardens
M01813,Ruturaj Gaikwad,CSK,21,15,140.0,0,Wankhede
M01814,Shubman Gill,GT,28,22,127.27,1,Wankhede
M01815,Ravindra Jadeja,CSK,16,20,80.0,1,Chepauk
M01816,Rohit Sharma,MI,54,23,234.78,2,Chepauk
M01817,Ruturaj Gaikwad,CSK,26,19,136.84,1,Chinnaswamy
M01818,Surya Kumar Yadav,MI,9,18,50.0,0,Chinnaswamy
M01819,Ravindra Jadeja,CSK,67,21,319.05,0,Eden Gardens
M01820,Virat Kohli,RCB,30,23,130.43,2,Eden Gardens
M01821,Ravindra Jadeja,CSK,37,33,112.12,0,Eden Gardens
M01822,Shubman Gill,GT,51,11,463.64,1,Chepauk
M01823,Ravindra Jadeja,CSK,74,38,194.74,1,Eden Gardens
M01824,Virat Kohli,RCB,46,38,121.05,3,Eden Gardens
M01825,Virat Kohli,RCB,54,34,158.82,0,Chepauk
M01826,Ruturaj Gaikwad,CSK,74,14,528.57,2,Chinnaswamy
M01827,Shubman Gill,GT,40,30,133.33,0,Wankhede
M01828,Shubman Gill,GT,20,14,142.86,1,Eden Gardens
M01829,Ruturaj Gaikwad,CSK,43,28,153.57,0,Eden Gardens
M01830,Rohit Sharma,MI,28,30,93.33,1,Chinnaswamy
M01831,Surya Kumar Yadav,MI,29,18,161.11,2,Wankhede
M01832,Rohit Sharma,MI,37,13,284.62,2,Chepauk
M01833,Virat Kohli,RCB,61,20,305.0,0,Chinnaswamy
M01834,Jasprit Bumrah,MI,40,27,148.15,0,Wankhede
M01835,Ravindra Jadeja,CSK,5,34,14.71,3,Wankhede
M01836,Ruturaj Gaikwad,CSK,56,37,151.35,1,Eden Gardens
M01837,Jasprit Bumrah,MI,57,14,407.14,3,Wankhede
M01838,KL Rahul,LSG,23,29,79.31,3,Chinnaswamy
M01839,Surya Kumar Yadav,MI,26,26,100.0,2,Chepauk
M01840,Ravindra Jadeja,CSK,0,33,0.0,0,Chinnaswamy
M01841,KL Rahul,LSG,0,16,0.0,1,Wankhede
M01842,Shubman Gill,GT,19,45,42.22,0,Eden Gardens
M01843,Ravindra Jadeja,CSK,37,29,127.59,1,Wankhede
M01844,Ruturaj Gaikwad,CSK,3,16,18.75,1,Chepauk
M01845,Ruturaj Gaikwad,CSK,19,20,95.0,1,Wankhede
M01846,Ravindra Jadeja,CSK,47,37,127.03,1,Eden Gardens
M01847,Surya Kumar Yadav,MI,29,17,170.59,0,Chepauk
M01848,Ruturaj Gaikwad,CSK,23,25,92.0,3,Eden Gardens
M01849,Surya Kumar Yadav,MI,59,15,393.33,0,Eden Gardens
M01850,Jasprit Bumrah,MI,46,22,209.09,0,Wankhede
M01851,KL Rahul,LSG,0,14,0.0,1,Wankhede
M01852,Jasprit Bumrah,MI,44,37,118.92,0,Wankhede
M01853,Ruturaj Gaikwad,CSK,34,28,121.43,0,Eden Gardens
M01854,Ruturaj Gaikwad,CSK,46,32,143.75,0,Chinnaswamy
M01855,KL Rahul,LSG,25,26,96.15,0,Chepauk
M01856,Virat Kohli,RCB,0,31,0.0,2,Wankhede
M01857,Surya Kumar Yadav,MI,6,28,21.43,0,Wankhede
M01858,Surya Kumar Yadav,MI,9,20,45.0,0,Chinnaswamy
M01859,KL Rahul,LSG,63,24,262.5,2,Wankhede
M01860,Ruturaj Gaikwad,CSK,69,44,156.82,0,Chinnaswamy
M01861,Rohit Sharma,MI,4,40,10.0,0,Chepauk
M01862,KL Rahul,LSG,23,24,95.83,2,Wankhede
M01863,Virat Kohli,RCB,55,42,130.95,1,Chepauk
M01864,Ruturaj Gaikwad,CSK,45,18,250.0,0,Chinnaswamy
M01865,Jasprit Bumrah,MI,8,38,21.05,0,Wankhede
M01866,Surya Kumar Yadav,MI,43,36,119.44,3,Chinnaswamy
M01867,KL Rahul,LSG,0,24,0.0,1,Wankhede
M01868,Virat Kohli,RCB,19,31,61.29,2,Wankhede
M01869,Rohit Sharma,MI,62,30,206.67,1,Wankhede
M01870,Surya Kumar Yadav,MI,0,30,0.0,0,Wankhede
M01871,Rohit Sharma,MI,41,29,141.38,1,Wankhede
M01872,Jasprit Bumrah,MI,37,39,94.87,0,Wankhede
M01873,Rohit Sharma,MI,16,36,44.44,0,Chinnaswamy
M01874,Shubman Gill,GT,66,19,347.37,1,Wankhede
M01875,Virat Kohli,RCB,55,17,323.53,0,Eden Gardens
M01876,Shubman Gill,GT,61,26,234.62,0,Chepauk
M01877,Ruturaj Gaikwad,CSK,66,23,286.96,1,Chepauk
M01878,Shubman Gill,GT,60,28,214.29,1,Chinnaswamy
M01879,Surya Kumar Yadav,MI,70,29,241.38,2,Chinnaswamy
M01880,Ruturaj Gaikwad,CSK,24,16,150.0,1,Eden Gardens
M01881,Surya Kumar Yadav,MI,15,17,88.24,0,Chepauk
M01882,Virat Kohli,RCB,26,11,236.36,1,Wankhede
M01883,Jasprit Bumrah,MI,60,34,176.47,0,Chinnaswamy
M01884,Virat Kohli,RCB,36,34,105.88,0,Chinnaswamy
M01885,Ruturaj Gaikwad,CSK,29,26,111.54,0,Eden Gardens
M01886,Ravindra Jadeja,CSK,64,29,220.69,0,Chepauk
M01887,Rohit Sharma,MI,61,25,244.0,2,Chepauk
M01888,Shubman Gill,GT,45,1,4500.0,0,Chepauk
M01889,Ruturaj Gaikwad,CSK,59,8,737.5,0,Chinnaswamy
M01890,Rohit Sharma,MI,69,30,230.0,2,Wankhede
M01891,Jasprit Bumrah,MI,77,16,481.25,1,Chepauk
M01892,Ravindra Jadeja,CSK,25,18,138.89,0,Chinnaswamy
M01893,Virat Kohli,RCB,44,19,231.58,3,Wankhede
M01894,Surya Kumar Yadav,MI,41,32,128.12,0,Wankhede
M01895,Virat Kohli,RCB,35,22,159.09,3,Chepauk
M01896,KL Rahul,LSG,77,19,405.26,0,Chepauk
M01897,Ruturaj Gaikwad,CSK,49,23,213.04,0,Eden Gardens
M01898,Jasprit Bumrah,MI,44,3,1466.67,0,Chinnaswamy
M01899,Ruturaj Gaikwad,CSK,43,33,130.3,0,Chinnaswamy
M01900,Jasprit Bumrah,MI,45,36,125.0,0,Chinnaswamy
M01901,Virat Kohli,RCB,53,15,353.33,1,Chepauk
M01902,KL Rahul,LSG,25,19,131.58,0,Chinnaswamy
M01903,Rohit Sharma,MI,25,27,92.59,0,Eden Gardens
M01904,Virat Kohli,RCB,54,34,158.82,2,Eden Gardens
M01905,Ravindra Jadeja,CSK,38,18,211.11,1,Chepauk
M01906,Virat Kohli,RCB,27,24,112.5,2,Chinnaswamy
M01907,Ravindra Jadeja,CSK,71,5,1420.0,3,Chinnaswamy
M01908,KL Rahul,LSG,57,27,211.11,0,Chinnaswamy
M01909,Ruturaj Gaikwad,CSK,72,18,400.0,0,Chinnaswamy
M01910,Rohit Sharma,MI,39,28,139.29,0,Chinnaswamy
M01911,Rohit Sharma,MI,10,14,71.43,3,Wankhede
M01912,Virat Kohli,RCB,41,13,315.38,0,Wankhede
M01913,Surya Kumar Yadav,MI,49,26,188.46,0,Wankhede
M01914,KL Rahul,LSG,42,28,150.0,0,Eden Gardens
M01915,Jasprit Bumrah,MI,41,13,315.38,0,Chinnaswamy
M01916,Ruturaj Gaikwad,CSK,46,13,353.85,0,Chinnaswamy
M01917,Surya Kumar Yadav,MI,8,19,42.11,2,Chinnaswamy
M01918,KL Rahul,LSG,31,27,114.81,0,Chinnaswamy
M01919,Ravindra Jadeja,CSK,13,11,118.18,2,Wankhede
M01920,Shubman Gill,GT,15,26,57.69,3,Wankhede
M01921,Jasprit Bumrah,MI,40,16,250.0,1,Wankhede
M01922,Ravindra Jadeja,CSK,43,28,153.57,3,Eden Gardens
M01923,Surya Kumar Yadav,MI,41,16,256.25,1,Chinnaswamy
M01924,Surya Kumar Yadav,MI,39,26,150.0,0,Eden Gardens
M01925,Ruturaj Gaikwad,CSK,34,14,242.86,2,Wankhede
M01926,Jasprit Bumrah,MI,17,21,80.95,0,Wankhede
M01927,Ravindra Jadeja,CSK,51,27,188.89,3,Chepauk
M01928,Rohit Sharma,MI,45,17,264.71,2,Eden Gardens
M01929,Ruturaj Gaikwad,CSK,50,7,714.29,2,Eden Gardens
M01930,KL Rahul,LSG,39,34,114.71,1,Chepauk
M01931,KL Rahul,LSG,16,20,80.0,0,Eden Gardens
M01932,Ravindra Jadeja,CSK,55,24,229.17,0,Wankhede
M01933,Ruturaj Gaikwad,CSK,28,21,133.33,0,Wankhede
M01934,KL Rahul,LSG,62,45,137.78,2,Chinnaswamy
M01935,Jasprit Bumrah,MI,22,28,78.57,1,Chinnaswamy
M01936,Ravindra Jadeja,CSK,31,16,193.75,0,Eden Gardens
M01937,Jasprit Bumrah,MI,45,9,500.0,1,Eden Gardens
M01938,Ruturaj Gaikwad,CSK,41,31,132.26,1,Eden Gardens
M01939,Ravindra Jadeja,CSK,30,22,136.36,0,Wankhede
M01940,Ruturaj Gaikwad,CSK,66,20,330.0,1,Chepauk
M01941,KL Rahul,LSG,11,22,50.0,1,Chinnaswamy
M01942,Ravindra Jadeja,CSK,20,19,105.26,1,Chinnaswamy
M01943,Virat Kohli,RCB,15,21,71.43,3,Chinnaswamy
M01944,Jasprit Bumrah,MI,76,39,194.87,3,Chinnaswamy
M01945,Virat Kohli,RCB,64,34,188.24,0,Wankhede
M01946,Rohit Sharma,MI,35,34,102.94,0,Chinnaswamy
M01947,Surya Kumar Yadav,MI,1,23,4.35,1,Chepauk
M01948,Surya Kumar Yadav,MI,0,27,0.0,0,Wankhede
M01949,Ravindra Jadeja,CSK,13,5,260.0,3,Wankhede
M01950,KL Rahul,LSG,62,44,140.91,1,Wankhede
M01951,Jasprit Bumrah,MI,54,45,120.0,2,Chepauk
M01952,Virat Kohli,RCB,57,19,300.0,0,Eden Gardens
M01953,Shubman Gill,GT,0,35,0.0,0,Eden Gardens
M01954,Jasprit Bumrah,MI,26,4,650.0,3,Chepauk
M01955,Jasprit Bumrah,MI,23,38,60.53,2,Wankhede
M01956,Virat Kohli,RCB,31,25,124.0,1,Wankhede
M01957,Ravindra Jadeja,CSK,47,44,106.82,0,Chinnaswamy
M01958,Surya Kumar Yadav,MI,41,7,585.71,0,Eden Gardens
M01959,Rohit Sharma,MI,13,15,86.67,0,Wankhede
M01960,Jasprit Bumrah,MI,81,27,300.0,0,Chepauk
M01961,Jasprit Bumrah,MI,39,1,3900.0,3,Chepauk
M01962,Shubman Gill,GT,3,22,13.64,0,Chinnaswamy
M01963,Jasprit Bumrah,MI,43,25,172.0,0,Eden Gardens
M01964,Ruturaj Gaikwad,CSK,0,18,0.0,2,Eden Gardens
M01965,Ruturaj Gaikwad,CSK,51,23,221.74,1,Wankhede
M01966,Ravindra Jadeja,CSK,94,17,552.94,0,Chepauk
M01967,Shubman Gill,GT,61,33,184.85,0,Chepauk
M01968,Ravindra Jadeja,CSK,36,25,144.0,2,Chinnaswamy
M01969,Rohit Sharma,MI,17,36,47.22,0,Wankhede
M01970,Ravindra Jadeja,CSK,69,17,405.88,2,Chepauk
M01971,Jasprit Bumrah,MI,41,2,2050.0,2,Wankhede
M01972,Ruturaj Gaikwad,CSK,3,13,23.08,2,Wankhede
M01973,Shubman Gill,GT,26,18,144.44,0,Chinnaswamy
M01974,Shubman Gill,GT,0,26,0.0,2,Wankhede
M01975,Shubman Gill,GT,23,10,230.0,3,Chinnaswamy
M01976,Rohit Sharma,MI,1,28,3.57,2,Eden Gardens
M01977,Jasprit Bumrah,MI,0,14,0.0,0,Wankhede
M01978,Shubman Gill,GT,34,28,121.43,3,Wankhede
M01979,Surya Kumar Yadav,MI,53,31,170.97,0,Eden Gardens
M01980,Shubman Gill,GT,26,27,96.3,1,Chepauk
M01981,Virat Kohli,RCB,10,26,38.46,1,Chepauk
M01982,Ruturaj Gaikwad,CSK,50,24,208.33,2,Wankhede
M01983,KL Rahul,LSG,23,25,92.0,1,Chinnaswamy
M01984,KL Rahul,LSG,5,33,15.15,2,Chepauk
M01985,Rohit Sharma,MI,56,28,200.0,0,Eden Gardens
M01986,Rohit Sharma,MI,4,32,12.5,1,Chepauk
M01987,Shubman Gill,GT,61,30,203.33,0,Eden Gardens
M01988,KL Rahul,LSG,21,16,131.25,1,Chepauk
M01989,Ruturaj Gaikwad,CSK,0,9,0.0,0,Eden Gardens
M01990,Rohit Sharma,MI,57,19,300.0,2,Chepauk
M01991,Rohit Sharma,MI,55,29,189.66,0,Wankhede
M01992,Ravindra Jadeja,CSK,48,31,154.84,1,Chepauk
M01993,Surya Kumar Yadav,MI,0,15,0.0,1,Chepauk
M01994,Virat Kohli,RCB,61,28,217.86,0,Wankhede
M01995,Surya Kumar Yadav,MI,36,23,156.52,0,Chinnaswamy
M01996,Ruturaj Gaikwad,CSK,1,16,6.25,1,Eden Gardens
M01997,Virat Kohli,RCB,26,37,70.27,3,Chepauk
M01998,Virat Kohli,RCB,39,32,121.88,0,Wankhede
M01999,Shubman Gill,GT,45,26,173.08,0,Eden Gardens
M02000,Ruturaj Gaikwad,CSK,35,5,700.0,0,Wankhede
M02001,Shubman Gill,GT,73,26,280.77,1,Eden Gardens
M02002,Virat Kohli,RCB,0,24,0.0,0,Chepauk
M02003,Virat Kohli,RCB,19,10,190.0,0,Chinnaswamy
M02004,KL Rahul,LSG,93,28,332.14,0,Chinnaswamy
M02005,KL Rahul,LSG,49,41,119.51,0,Eden Gardens
M02006,Jasprit Bumrah,MI,57,28,203.57,0,Chinnaswamy
M02007,Shubman Gill,GT,36,17,211.76,0,Chepauk
M02008,KL Rahul,LSG,12,15,80.0,0,Wankhede
M02009,Surya Kumar Yadav,MI,68,16,425.0,0,Chepauk
M02010,Shubman Gill,GT,59,5,1180.0,0,Eden Gardens
M02011,Surya Kumar Yadav,MI,58,27,214.81,0,Chepauk
M02012,Surya Kumar Yadav,MI,10,31,32.26,0,Eden Gardens
M02013,Shubman Gill,GT,25,40,62.5,2,Chinnaswamy
M02014,Jasprit Bumrah,MI,14,23,60.87,1,Eden Gardens
M02015,Rohit Sharma,MI,16,7,228.57,1,Wankhede
M02016,Virat Kohli,RCB,23,35,65.71,0,Chepauk
M02017,Ruturaj Gaikwad,CSK,18,17,105.88,1,Chinnaswamy
M02018,Virat Kohli,RCB,78,33,236.36,1,Chinnaswamy
M02019,Rohit Sharma,MI,34,11,309.09,1,Chinnaswamy
M02020,Ruturaj Gaikwad,CSK,17,22,77.27,2,Chinnaswamy
M02021,KL Rahul,LSG,0,22,0.0,2,Chepauk
M02022,Shubman Gill,GT,52,19,273.68,0,Chepauk
M02023,Rohit Sharma,MI,11,1,1100.0,1,Eden Gardens
M02024,Rohit Sharma,MI,30,29,103.45,1,Chinnaswamy
M02025,KL Rahul,LSG,42,29,144.83,3,Chinnaswamy
M02026,Surya Kumar Yadav,MI,37,13,284.62,0,Eden Gardens
M02027,Surya Kumar Yadav,MI,47,17,276.47,0,Eden Gardens
M02028,KL Rahul,LSG,45,21,214.29,3,Chepauk
M02029,Rohit Sharma,MI,31,7,442.86,1,Eden Gardens
M02030,Rohit Sharma,MI,19,33,57.58,0,Wankhede
M02031,Jasprit Bumrah,MI,60,7,857.14,1,Wankhede
M02032,KL Rahul,LSG,26,22,118.18,1,Wankhede
M02033,Ruturaj Gaikwad,CSK,55,18,305.56,0,Eden Gardens
M02034,Ravindra Jadeja,CSK,23,9,255.56,2,Chepauk
M02035,Rohit Sharma,MI,58,19,305.26,0,Wankhede
M02036,Shubman Gill,GT,26,26,100.0,0,Wankhede
M02037,Rohit Sharma,MI,14,29,48.28,1,Wankhede
M02038,Shubman Gill,GT,5,33,15.15,0,Eden Gardens
M02039,Ravindra Jadeja,CSK,20,30,66.67,3,Wankhede
M02040,KL Rahul,LSG,71,40,177.5,1,Eden Gardens
M02041,Shubman Gill,GT,39,6,650.0,3,Wankhede
M02042,Jasprit Bumrah,MI,35,29,120.69,3,Eden Gardens
M02043,KL Rahul,LSG,0,37,0.0,0,Chepauk
M02044,Shubman Gill,GT,52,19,273.68,3,Wankhede
M02045,Ravindra Jadeja,CSK,35,27,129.63,2,Eden Gardens
M02046,Shubman Gill,GT,40,25,160.0,0,Chinnaswamy
M02047,Rohit Sharma,MI,41,25,164.0,0,Wankhede
M02048,Jasprit Bumrah,MI,15,27,55.56,3,Chepauk
M02049,Surya Kumar Yadav,MI,12,18,66.67,0,Eden Gardens
M02050,Ravindra Jadeja,CSK,92,35,262.86,0,Chepauk
M02051,Rohit Sharma,MI,5,26,19.23,1,Wankhede
M02052,KL Rahul,LSG,2,29,6.9,1,Chinnaswamy
M02053,Ruturaj Gaikwad,CSK,45,32,140.62,1,Chepauk
M02054,Shubman Gill,GT,41,18,227.78,0,Chepauk
M02055,Ravindra Jadeja,CSK,14,37,37.84,3,Chepauk
M02056,Surya Kumar Yadav,MI,56,28,200.0,0,Chinnaswamy
M02057,Virat Kohli,RCB,30,19,157.89,0,Chepauk
M02058,Surya Kumar Yadav,MI,58,31,187.1,2,Wankhede
M02059,Virat Kohli,RCB,48,28,171.43,0,Eden Gardens
M02060,Ravindra Jadeja,CSK,25,14,178.57,2,Eden Gardens
M02061,Shubman Gill,GT,41,40,102.5,0,Chepauk
M02062,Shubman Gill,GT,30,26,115.38,0,Eden Gardens
M02063,Surya Kumar Yadav,MI,36,22,163.64,1,Wankhede
M02064,Ravindra Jadeja,CSK,0,38,0.0,0,Wankhede
M02065,Virat Kohli,RCB,0,24,0.0,0,Wankhede
M02066,Ravindra Jadeja,CSK,19,25,76.0,0,Wankhede
M02067,Surya Kumar Yadav,MI,19,4,475.0,1,Chinnaswamy
M02068,KL Rahul,LSG,0,11,0.0,3,Chinnaswamy
M02069,Ravindra Jadeja,CSK,53,25,212.0,1,Eden Gardens
M02070,Shubman Gill,GT,48,28,171.43,1,Eden Gardens
M02071,Jasprit Bumrah,MI,40,27,148.15,0,Wankhede
M02072,Jasprit Bumrah,MI,15,51,29.41,2,Chinnaswamy
M02073,Virat Kohli,RCB,29,43,67.44,0,Eden Gardens
M02074,Ruturaj Gaikwad,CSK,13,15,86.67,0,Chepauk
M02075,Shubman Gill,GT,40,7,571.43,2,Chinnaswamy
M02076,Rohit Sharma,MI,58,32,181.25,1,Chinnaswamy
M02077,Shubman Gill,GT,55,15,366.67,1,Eden Gardens
M02078,Shubman Gill,GT,12,23,52.17,2,Chepauk
M02079,KL Rahul,LSG,20,20,100.0,0,Wankhede
M02080,Surya Kumar Yadav,MI,0,48,0.0,3,Eden Gardens
M02081,Ravindra Jadeja,CSK,0,33,0.0,1,Chinnaswamy
M02082,Shubman Gill,GT,25,26,96.15,1,Chinnaswamy
M02083,Ruturaj Gaikwad,CSK,0,28,0.0,3,Chepauk
M02084,Surya Kumar Yadav,MI,0,6,0.0,2,Chepauk
M02085,Shubman Gill,GT,50,33,151.52,0,Chepauk
M02086,Virat Kohli,RCB,4,41,9.76,2,Wankhede
M02087,Rohit Sharma,MI,16,19,84.21,2,Eden Gardens
M02088,Shubman Gill,GT,10,32,31.25,0,Eden Gardens
M02089,Rohit Sharma,MI,27,25,108.0,0,Eden Gardens
M02090,Ravindra Jadeja,CSK,0,3,0.0,2,Chinnaswamy
M02091,Surya Kumar Yadav,MI,76,10,760.0,1,Chinnaswamy
M02092,Jasprit Bumrah,MI,51,24,212.5,3,Chinnaswamy
M02093,KL Rahul,LSG,9,21,42.86,0,Wankhede
M02094,Shubman Gill,GT,72,25,288.0,0,Chinnaswamy
M02095,KL Rahul,LSG,39,16,243.75,1,Eden Gardens
M02096,Virat Kohli,RCB,32,23,139.13,0,Chinnaswamy
M02097,Jasprit Bumrah,MI,28,34,82.35,0,Chinnaswamy
M02098,Ruturaj Gaikwad,CSK,87,19,457.89,1,Chinnaswamy
M02099,Rohit Sharma,MI,6,25,24.0,0,Chinnaswamy
M02100,Shubman Gill,GT,32,35,91.43,2,Wankhede
M02101,Jasprit Bumrah,MI,55,15,366.67,2,Eden Gardens
M02102,Jasprit Bumrah,MI,38,43,88.37,1,Chinnaswamy
M02103,KL Rahul,LSG,22,33,66.67,1,Eden Gardens
M02104,Jasprit Bumrah,MI,0,19,0.0,1,Eden Gardens
M02105,Surya Kumar Yadav,MI,12,35,34.29,1,Chepauk
M02106,Jasprit Bumrah,MI,97,17,570.59,0,Wankhede
M02107,Ruturaj Gaikwad,CSK,56,30,186.67,0,Eden Gardens
M02108,Rohit Sharma,MI,21,29,72.41,0,Chinnaswamy
M02109,Jasprit Bumrah,MI,33,6,550.0,0,Chepauk
M02110,Jasprit Bumrah,MI,0,15,0.0,1,Chepauk
M02111,Ravindra Jadeja,CSK,13,30,43.33,0,Wankhede
M02112,Ruturaj Gaikwad,CSK,22,27,81.48,3,Eden Gardens
M02113,Rohit Sharma,MI,53,24,220.83,0,Chepauk
M02114,Rohit Sharma,MI,43,20,215.0,2,Chinnaswamy
M02115,Jasprit Bumrah,MI,22,6,366.67,3,Chepauk
M02116,Jasprit Bumrah,MI,56,24,233.33,3,Eden Gardens
M02117,Jasprit Bumrah,MI,46,32,143.75,0,Eden Gardens
M02118,Shubman Gill,GT,28,26,107.69,1,Eden Gardens
M02119,Jasprit Bumrah,MI,27,22,122.73,1,Chepauk
M02120,Jasprit Bumrah,MI,33,30,110.0,2,Wankhede
M02121,KL Rahul,LSG,60,37,162.16,0,Wankhede
M02122,Ravindra Jadeja,CSK,18,14,128.57,1,Chepauk
M02123,Rohit Sharma,MI,69,32,215.62,0,Wankhede
M02124,Rohit Sharma,MI,31,28,110.71,1,Chepauk
M02125,Surya Kumar Yadav,MI,25,21,119.05,0,Chepauk
M02126,Jasprit Bumrah,MI,0,16,0.0,0,Eden Gardens
M02127,Surya Kumar Yadav,MI,94,15,626.67,0,Wankhede
M02128,KL Rahul,LSG,14,33,42.42,1,Chinnaswamy
M02129,KL Rahul,LSG,34,26,130.77,3,Chinnaswamy
M02130,Jasprit Bumrah,MI,67,39,171.79,0,Chepauk
M02131,Jasprit Bumrah,MI,20,26,76.92,1,Wankhede
M02132,Ravindra Jadeja,CSK,23,32,71.88,0,Eden Gardens
M02133,Shubman Gill,GT,34,19,178.95,1,Eden Gardens
M02134,KL Rahul,LSG,51,26,196.15,0,Chepauk
M02135,Virat Kohli,RCB,23,43,53.49,3,Chinnaswamy
M02136,Ruturaj Gaikwad,CSK,11,34,32.35,3,Chepauk
M02137,KL Rahul,LSG,93,21,442.86,0,Chepauk
M02138,Ravindra Jadeja,CSK,0,23,0.0,1,Chepauk
M02139,Virat Kohli,RCB,9,35,25.71,3,Eden Gardens
M02140,Ruturaj Gaikwad,CSK,7,37,18.92,1,Chepauk
M02141,Ravindra Jadeja,CSK,25,9,277.78,0,Wankhede
M02142,Rohit Sharma,MI,29,23,126.09,0,Eden Gardens
M02143,Surya Kumar Yadav,MI,26,2,1300.0,1,Wankhede
M02144,Shubman Gill,GT,29,27,107.41,1,Chinnaswamy
M02145,Virat Kohli,RCB,0,31,0.0,0,Wankhede
M02146,Ravindra Jadeja,CSK,34,30,113.33,0,Chinnaswamy
M02147,Jasprit Bumrah,MI,28,40,70.0,0,Chepauk
M02148,Shubman Gill,GT,35,13,269.23,1,Chepauk
M02149,KL Rahul,LSG,32,17,188.24,2,Chepauk
M02150,Jasprit Bumrah,MI,28,24,116.67,0,Wankhede
M02151,Shubman Gill,GT,54,22,245.45,3,Chinnaswamy
M02152,Shubman Gill,GT,25,32,78.12,0,Eden Gardens
M02153,Jasprit Bumrah,MI,76,24,316.67,0,Chepauk
M02154,Rohit Sharma,MI,80,20,400.0,2,Chepauk
M02155,KL Rahul,LSG,85,29,293.1,0,Chinnaswamy
M02156,Virat Kohli,RCB,43,28,153.57,0,Eden Gardens
M02157,Rohit Sharma,MI,49,32,153.12,1,Chepauk
M02158,Virat Kohli,RCB,25,39,64.1,0,Chinnaswamy
M02159,KL Rahul,LSG,21,37,56.76,2,Wankhede
M02160,Rohit Sharma,MI,59,32,184.38,0,Eden Gardens
M02161,KL Rahul,LSG,12,32,37.5,1,Chinnaswamy
M02162,Ruturaj Gaikwad,CSK,73,28,260.71,0,Chinnaswamy
M02163,Ravindra Jadeja,CSK,0,18,0.0,1,Chepauk
M02164,Surya Kumar Yadav,MI,52,21,247.62,0,Chepauk
M02165,Rohit Sharma,MI,0,21,0.0,0,Wankhede
M02166,Rohit Sharma,MI,65,25,260.0,0,Eden Gardens
M02167,KL Rahul,LSG,24,31,77.42,3,Wankhede
M02168,Shubman Gill,GT,0,40,0.0,0,Chinnaswamy
M02169,Jasprit Bumrah,MI,34,13,261.54,3,Eden Gardens
M02170,Jasprit Bumrah,MI,0,30,0.0,1,Chinnaswamy
M02171,Surya Kumar Yadav,MI,23,10,230.0,1,Wankhede
M02172,Rohit Sharma,MI,0,34,0.0,2,Wankhede
M02173,Surya Kumar Yadav,MI,28,17,164.71,1,Chepauk
M02174,Shubman Gill,GT,45,34,132.35,2,Wankhede
M02175,KL Rahul,LSG,12,18,66.67,3,Chepauk
M02176,Surya Kumar Yadav,MI,0,19,0.0,0,Eden Gardens
M02177,Jasprit Bumrah,MI,13,24,54.17,1,Chepauk
M02178,KL Rahul,LSG,59,20,295.0,0,Chepauk
M02179,Ravindra Jadeja,CSK,26,36,72.22,0,Eden Gardens
M02180,KL Rahul,LSG,20,42,47.62,0,Wankhede
M02181,Surya Kumar Yadav,MI,51,24,212.5,0,Wankhede
M02182,Jasprit Bumrah,MI,51,38,134.21,3,Eden Gardens
M02183,Ruturaj Gaikwad,CSK,43,31,138.71,1,Wankhede
M02184,Shubman Gill,GT,39,27,144.44,0,Eden Gardens
M02185,Jasprit Bumrah,MI,32,30,106.67,0,Wankhede
M02186,KL Rahul,LSG,34,30,113.33,0,Eden Gardens
M02187,KL Rahul,LSG,75,28,267.86,1,Wankhede
M02188,Jasprit Bumrah,MI,20,17,117.65,3,Chepauk
M02189,Rohit Sharma,MI,26,18,144.44,2,Chepauk
M02190,Surya Kumar Yadav,MI,56,24,233.33,1,Eden Gardens
M02191,KL Rahul,LSG,51,19,268.42,0,Eden Gardens
M02192,Virat Kohli,RCB,44,39,112.82,0,Wankhede
M02193,Rohit Sharma,MI,42,46,91.3,2,Chepauk
M02194,Surya Kumar Yadav,MI,11,24,45.83,1,Chepauk
M02195,Ravindra Jadeja,CSK,28,22,127.27,0,Chepauk
M02196,Ruturaj Gaikwad,CSK,57,15,380.0,0,Wankhede
M02197,KL Rahul,LSG,0,24,0.0,0,Chinnaswamy
M02198,Virat Kohli,RCB,37,21,176.19,0,Wankhede
M02199,Surya Kumar Yadav,MI,0,25,0.0,0,Wankhede
M02200,Jasprit Bumrah,MI,0,17,0.0,2,Wankhede
M02201,Ruturaj Gaikwad,CSK,18,24,75.0,0,Wankhede
M02202,Virat Kohli,RCB,0,28,0.0,0,Wankhede
M02203,KL Rahul,LSG,40,27,148.15,1,Eden Gardens
M02204,Shubman Gill,GT,59,28,210.71,0,Eden Gardens
M02205,Shubman Gill,GT,20,24,83.33,1,Wankhede
M02206,Shubman Gill,GT,23,29,79.31,1,Eden Gardens
M02207,Rohit Sharma,MI,13,5,260.0,1,Chepauk
M02208,KL Rahul,LSG,19,26,73.08,1,Chinnaswamy
M02209,Shubman Gill,GT,43,14,307.14,1,Wankhede
M02210,Shubman Gill,GT,19,27,70.37,0,Wankhede
M02211,Ravindra Jadeja,CSK,14,19,73.68,1,Eden Gardens
M02212,Ravindra Jadeja,CSK,78,12,650.0,2,Wankhede
M02213,Ruturaj Gaikwad,CSK,0,17,0.0,1,Eden Gardens
M02214,Ravindra Jadeja,CSK,16,25,64.0,0,Chepauk
M02215,KL Rahul,LSG,26,28,92.86,1,Eden Gardens
M02216,Virat Kohli,RCB,11,12,91.67,1,Chinnaswamy
M02217,Shubman Gill,GT,43,24,179.17,0,Eden Gardens
M02218,Ruturaj Gaikwad,CSK,54,23,234.78,2,Chinnaswamy
M02219,Surya Kumar Yadav,MI,71,26,273.08,0,Chepauk
M02220,Ruturaj Gaikwad,CSK,66,13,507.69,3,Eden Gardens
M02221,Jasprit Bumrah,MI,59,39,151.28,0,Chepauk
M02222,Virat Kohli,RCB,62,21,295.24,1,Chinnaswamy
M02223,Rohit Sharma,MI,67,19,352.63,2,Chepauk
M02224,Ruturaj Gaikwad,CSK,30,12,250.0,1,Chinnaswamy
M02225,Surya Kumar Yadav,MI,30,27,111.11,2,Chinnaswamy
M02226,Rohit Sharma,MI,32,1,3200.0,0,Eden Gardens
M02227,Shubman Gill,GT,21,27,77.78,0,Chepauk
M02228,Ruturaj Gaikwad,CSK,86,42,204.76,0,Chinnaswamy
M02229,Ravindra Jadeja,CSK,39,30,130.0,0,Eden Gardens
M02230,Ravindra Jadeja,CSK,41,31,132.26,3,Chinnaswamy
M02231,Rohit Sharma,MI,14,38,36.84,2,Wankhede
M02232,Virat Kohli,RCB,28,28,100.0,2,Eden Gardens
M02233,Virat Kohli,RCB,0,3,0.0,1,Chepauk
M02234,KL Rahul,LSG,65,45,144.44,0,Wankhede
M02235,Ruturaj Gaikwad,CSK,65,25,260.0,1,Eden Gardens
M02236,Virat Kohli,RCB,42,25,168.0,1,Wankhede
M02237,Rohit Sharma,MI,34,17,200.0,0,Chinnaswamy
M02238,Surya Kumar Yadav,MI,59,26,226.92,0,Chinnaswamy
M02239,Ruturaj Gaikwad,CSK,24,49,48.98,3,Wankhede
M02240,KL Rahul,LSG,0,35,0.0,1,Chinnaswamy
M02241,Virat Kohli,RCB,65,18,361.11,2,Eden Gardens
M02242,Jasprit Bumrah,MI,41,14,292.86,1,Wankhede
M02243,Rohit Sharma,MI,51,27,188.89,1,Chinnaswamy
M02244,Ruturaj Gaikwad,CSK,0,15,0.0,2,Wankhede
M02245,Jasprit Bumrah,MI,32,35,91.43,0,Chepauk
M02246,Rohit Sharma,MI,75,9,833.33,1,Chinnaswamy
M02247,Shubman Gill,GT,16,38,42.11,2,Chinnaswamy
M02248,Virat Kohli,RCB,57,43,132.56,2,Wankhede
M02249,Jasprit Bumrah,MI,54,14,385.71,1,Chepauk
M02250,Virat Kohli,RCB,14,40,35.0,0,Eden Gardens
M02251,Jasprit Bumrah,MI,37,29,127.59,0,Chepauk
M02252,Ruturaj Gaikwad,CSK,57,26,219.23,0,Chinnaswamy
M02253,Rohit Sharma,MI,55,28,196.43,0,Chinnaswamy
M02254,Ravindra Jadeja,CSK,39,1,3900.0,2,Chinnaswamy
M02255,Shubman Gill,GT,1,31,3.23,3,Chepauk
M02256,Ravindra Jadeja,CSK,21,30,70.0,0,Chinnaswamy
M02257,KL Rahul,LSG,0,37,0.0,0,Eden Gardens
M02258,Rohit Sharma,MI,31,36,86.11,3,Chepauk
M02259,Rohit Sharma,MI,14,24,58.33,1,Eden Gardens
M02260,Ravindra Jadeja,CSK,34,35,97.14,0,Chinnaswamy
M02261,Virat Kohli,RCB,57,30,190.0,0,Chepauk
M02262,KL Rahul,LSG,27,34,79.41,1,Wankhede
M02263,Rohit Sharma,MI,56,8,700.0,0,Chepauk
M02264,Rohit Sharma,MI,6,31,19.35,0,Chinnaswamy
M02265,KL Rahul,LSG,36,20,180.0,1,Wankhede
M02266,Rohit Sharma,MI,24,47,51.06,0,Chinnaswamy
M02267,Virat Kohli,RCB,53,29,182.76,1,Wankhede
M02268,Ravindra Jadeja,CSK,9,37,24.32,3,Wankhede
M02269,Jasprit Bumrah,MI,36,39,92.31,0,Chinnaswamy
M02270,Ruturaj Gaikwad,CSK,47,16,293.75,2,Wankhede
M02271,KL Rahul,LSG,26,47,55.32,0,Eden Gardens
M02272,KL Rahul,LSG,31,17,182.35,0,Chinnaswamy
M02273,Virat Kohli,RCB,56,27,207.41,0,Wankhede
M02274,Jasprit Bumrah,MI,85,45,188.89,1,Chepauk
M02275,Ruturaj Gaikwad,CSK,24,28,85.71,0,Chinnaswamy
M02276,Shubman Gill,GT,51,23,221.74,0,Chepauk
M02277,KL Rahul,LSG,48,28,171.43,1,Eden Gardens
M02278,Rohit Sharma,MI,66,15,440.0,0,Wankhede
M02279,Ravindra Jadeja,CSK,16,32,50.0,2,Chinnaswamy
M02280,Ruturaj Gaikwad,CSK,0,28,0.0,1,Wankhede
M02281,Surya Kumar Yadav,MI,65,36,180.56,3,Chepauk
M02282,Shubman Gill,GT,53,21,252.38,3,Chepauk
M02283,Rohit Sharma,MI,14,27,51.85,0,Chepauk
M02284,KL Rahul,LSG,80,31,258.06,1,Eden Gardens
M02285,KL Rahul,LSG,64,23,278.26,1,Wankhede
M02286,Jasprit Bumrah,MI,44,8,550.0,1,Eden Gardens
M02287,Shubman Gill,GT,76,10,760.0,3,Chepauk
M02288,Rohit Sharma,MI,48,20,240.0,0,Chinnaswamy
M02289,Ruturaj Gaikwad,CSK,2,32,6.25,1,Eden Gardens
M02290,Rohit Sharma,MI,98,21,466.67,1,Eden Gardens
M02291,Shubman Gill,GT,74,37,200.0,0,Wankhede
M02292,KL Rahul,LSG,12,27,44.44,3,Chepauk
M02293,Ruturaj Gaikwad,CSK,38,33,115.15,1,Eden Gardens
M02294,Shubman Gill,GT,17,15,113.33,1,Eden Gardens
M02295,Rohit Sharma,MI,60,23,260.87,0,Chepauk
M02296,Ravindra Jadeja,CSK,34,22,154.55,1,Wankhede
M02297,Ravindra Jadeja,CSK,0,28,0.0,0,Wankhede
M02298,Ravindra Jadeja,CSK,9,28,32.14,2,Eden Gardens
M02299,KL Rahul,LSG,20,22,90.91,0,Chinnaswamy
M02300,KL Rahul,LSG,59,28,210.71,1,Chepauk
M02301,KL Rahul,LSG,53,24,220.83,0,Chinnaswamy
M02302,Jasprit Bumrah,MI,32,19,168.42,0,Chinnaswamy
M02303,Surya Kumar Yadav,MI,60,19,315.79,1,Chepauk
M02304,Shubman Gill,GT,51,36,141.67,1,Chepauk
M02305,Virat Kohli,RCB,1,13,7.69,0,Eden Gardens
M02306,Ruturaj Gaikwad,CSK,19,32,59.38,1,Chinnaswamy
M02307,Jasprit Bumrah,MI,34,30,113.33,1,Wankhede
M02308,Rohit Sharma,MI,4,16,25.0,1,Eden Gardens
M02309,Ravindra Jadeja,CSK,59,29,203.45,0,Wankhede
M02310,Ruturaj Gaikwad,CSK,72,32,225.0,3,Eden Gardens
M02311,Ravindra Jadeja,CSK,52,27,192.59,3,Chepauk
M02312,KL Rahul,LSG,58,20,290.0,0,Chepauk
M02313,Surya Kumar Yadav,MI,0,18,0.0,0,Chepauk
M02314,Jasprit Bumrah,MI,39,24,162.5,1,Eden Gardens
M02315,Surya Kumar Yadav,MI,34,34,100.0,0,Wankhede
M02316,Ravindra Jadeja,CSK,69,9,766.67,0,Eden Gardens
M02317,Surya Kumar Yadav,MI,30,16,187.5,0,Chepauk
M02318,Jasprit Bumrah,MI,46,46,100.0,1,Chepauk
M02319,Shubman Gill,GT,61,25,244.0,0,Wankhede
M02320,Jasprit Bumrah,MI,14,31,45.16,2,Eden Gardens
M02321,KL Rahul,LSG,72,41,175.61,2,Wankhede
M02322,KL Rahul,LSG,45,14,321.43,0,Wankhede
M02323,Ravindra Jadeja,CSK,48,33,145.45,2,Wankhede
M02324,Rohit Sharma,MI,27,22,122.73,3,Chepauk
M02325,Virat Kohli,RCB,9,32,28.12,0,Eden Gardens
M02326,Rohit Sharma,MI,33,22,150.0,0,Wankhede
M02327,Rohit Sharma,MI,34,27,125.93,1,Wankhede
M02328,Ravindra Jadeja,CSK,23,36,63.89,1,Chepauk
M02329,Shubman Gill,GT,17,23,73.91,2,Chepauk
M02330,Virat Kohli,RCB,46,17,270.59,3,Chinnaswamy
M02331,Ravindra Jadeja,CSK,0,38,0.0,0,Chepauk
M02332,Ruturaj Gaikwad,CSK,59,27,218.52,3,Chinnaswamy
M02333,KL Rahul,LSG,0,24,0.0,2,Chepauk
M02334,Ravindra Jadeja,CSK,51,19,268.42,1,Chepauk
M02335,Ravindra Jadeja,CSK,49,22,222.73,0,Chinnaswamy
M02336,Ruturaj Gaikwad,CSK,68,18,377.78,2,Chepauk
M02337,Ravindra Jadeja,CSK,48,31,154.84,0,Chepauk
M02338,Rohit Sharma,MI,38,11,345.45,0,Chepauk
M02339,Jasprit Bumrah,MI,22,5,440.0,0,Chinnaswamy
M02340,Surya Kumar Yadav,MI,46,47,97.87,0,Eden Gardens
M02341,Ravindra Jadeja,CSK,59,2,2950.0,0,Eden Gardens
M02342,Shubman Gill,GT,50,17,294.12,3,Eden Gardens
M02343,Virat Kohli,RCB,29,38,76.32,2,Wankhede
M02344,Rohit Sharma,MI,31,20,155.0,0,Wankhede
M02345,Virat Kohli,RCB,0,19,0.0,1,Chinnaswamy
M02346,Surya Kumar Yadav,MI,30,24,125.0,1,Eden Gardens
M02347,Ruturaj Gaikwad,CSK,58,31,187.1,1,Chinnaswamy
M02348,Surya Kumar Yadav,MI,46,16,287.5,1,Eden Gardens
M02349,Rohit Sharma,MI,25,19,131.58,1,Wankhede
M02350,Shubman Gill,GT,9,19,47.37,0,Wankhede
M02351,KL Rahul,LSG,35,10,350.0,3,Eden Gardens
M02352,Ruturaj Gaikwad,CSK,57,27,211.11,0,Chepauk
M02353,Surya Kumar Yadav,MI,26,25,104.0,0,Chepauk
M02354,Ruturaj Gaikwad,CSK,34,29,117.24,3,Wankhede
M02355,Ruturaj Gaikwad,CSK,35,29,120.69,3,Eden Gardens
M02356,Virat Kohli,RCB,62,6,1033.33,1,Chinnaswamy
M02357,Ravindra Jadeja,CSK,10,36,27.78,0,Chinnaswamy
M02358,KL Rahul,LSG,36,16,225.0,3,Chinnaswamy
M02359,Ruturaj Gaikwad,CSK,30,8,375.0,1,Eden Gardens
M02360,Virat Kohli,RCB,13,33,39.39,3,Wankhede
M02361,Ruturaj Gaikwad,CSK,105,31,338.71,1,Wankhede
M02362,Surya Kumar Yadav,MI,20,15,133.33,0,Wankhede
M02363,KL Rahul,LSG,0,27,0.0,2,Chepauk
M02364,Jasprit Bumrah,MI,74,11,672.73,0,Wankhede
M02365,Ravindra Jadeja,CSK,96,32,300.0,3,Eden Gardens
M02366,Shubman Gill,GT,9,33,27.27,2,Wankhede
M02367,Ruturaj Gaikwad,CSK,12,39,30.77,3,Eden Gardens
M02368,Jasprit Bumrah,MI,31,18,172.22,0,Chinnaswamy
M02369,Surya Kumar Yadav,MI,113,26,434.62,2,Eden Gardens
M02370,Shubman Gill,GT,39,14,278.57,1,Chepauk
M02371,Shubman Gill,GT,41,28,146.43,0,Chinnaswamy
M02372,Ravindra Jadeja,CSK,12,20,60.0,2,Chepauk
M02373,Virat Kohli,RCB,63,20,315.0,3,Eden Gardens
M02374,Rohit Sharma,MI,22,22,100.0,0,Wankhede
M02375,Jasprit Bumrah,MI,48,28,171.43,0,Chepauk
M02376,KL Rahul,LSG,29,31,93.55,0,Chinnaswamy
M02377,Jasprit Bumrah,MI,14,38,36.84,0,Wankhede
M02378,Jasprit Bumrah,MI,45,36,125.0,0,Chinnaswamy
M02379,Surya Kumar Yadav,MI,52,17,305.88,0,Chepauk
M02380,Virat Kohli,RCB,16,38,42.11,0,Chepauk
M02381,Rohit Sharma,MI,41,40,102.5,2,Wankhede
M02382,Surya Kumar Yadav,MI,11,18,61.11,0,Chepauk
M02383,Rohit Sharma,MI,42,41,102.44,0,Chinnaswamy
M02384,Ruturaj Gaikwad,CSK,20,23,86.96,2,Chinnaswamy
M02385,Jasprit Bumrah,MI,32,27,118.52,1,Eden Gardens
M02386,Shubman Gill,GT,73,9,811.11,0,Chepauk
M02387,Rohit Sharma,MI,0,29,0.0,1,Chinnaswamy
M02388,KL Rahul,LSG,51,28,182.14,0,Chepauk
M02389,KL Rahul,LSG,39,40,97.5,0,Chinnaswamy
M02390,Virat Kohli,RCB,77,27,285.19,1,Eden Gardens
M02391,Jasprit Bumrah,MI,62,19,326.32,2,Chepauk
M02392,Jasprit Bumrah,MI,30,23,130.43,0,Eden Gardens
M02393,Surya Kumar Yadav,MI,12,28,42.86,1,Chinnaswamy
M02394,Surya Kumar Yadav,MI,29,20,145.0,0,Wankhede
M02395,KL Rahul,LSG,48,37,129.73,1,Chinnaswamy
M02396,Virat Kohli,RCB,0,1,0.0,3,Eden Gardens
M02397,Surya Kumar Yadav,MI,70,32,218.75,0,Chinnaswamy
M02398,KL Rahul,LSG,44,12,366.67,1,Eden Gardens
M02399,Shubman Gill,GT,0,28,0.0,0,Wankhede
M02400,Shubman Gill,GT,10,14,71.43,1,Eden Gardens
M02401,Rohit Sharma,MI,28,16,175.0,0,Wankhede
M02402,Ruturaj Gaikwad,CSK,74,51,145.1,0,Eden Gardens
M02403,Surya Kumar Yadav,MI,46,7,657.14,0,Chinnaswamy
M02404,Virat Kohli,RCB,40,3,1333.33,0,Chinnaswamy
M02405,Ravindra Jadeja,CSK,60,27,222.22,1,Chinnaswamy
M02406,KL Rahul,LSG,82,33,248.48,0,Eden Gardens
M02407,Ravindra Jadeja,CSK,70,23,304.35,3,Chepauk
M02408,Shubman Gill,GT,57,30,190.0,1,Chepauk
M02409,Virat Kohli,RCB,26,45,57.78,0,Wankhede
M02410,Ravindra Jadeja,CSK,63,35,180.0,1,Eden Gardens
M02411,Ravindra Jadeja,CSK,39,30,130.0,0,Wankhede
M02412,Rohit Sharma,MI,7,1,700.0,3,Chepauk
M02413,Jasprit Bumrah,MI,1,4,25.0,1,Wankhede
M02414,Ruturaj Gaikwad,CSK,85,24,354.17,1,Wankhede
M02415,Ruturaj Gaikwad,CSK,61,28,217.86,0,Wankhede
M02416,Shubman Gill,GT,0,9,0.0,0,Chinnaswamy
M02417,KL Rahul,LSG,80,42,190.48,0,Chinnaswamy
M02418,Rohit Sharma,MI,49,17,288.24,0,Chinnaswamy
M02419,Jasprit Bumrah,MI,23,13,176.92,0,Chepauk
M02420,Rohit Sharma,MI,23,22,104.55,3,Chinnaswamy
M02421,Ravindra Jadeja,CSK,24,26,92.31,1,Wankhede
M02422,Ravindra Jadeja,CSK,55,27,203.7,1,Chepauk
M02423,Ruturaj Gaikwad,CSK,35,27,129.63,1,Wankhede
M02424,Ruturaj Gaikwad,CSK,45,22,204.55,0,Chepauk
M02425,Virat Kohli,RCB,48,15,320.0,3,Eden Gardens
M02426,Jasprit Bumrah,MI,10,35,28.57,1,Chepauk
M02427,Surya Kumar Yadav,MI,29,20,145.0,0,Wankhede
M02428,Shubman Gill,GT,16,10,160.0,0,Chinnaswamy
M02429,KL Rahul,LSG,42,31,135.48,0,Chepauk
M02430,Virat Kohli,RCB,38,22,172.73,0,Wankhede
M02431,Surya Kumar Yadav,MI,13,28,46.43,1,Chepauk
M02432,Shubman Gill,GT,6,35,17.14,1,Wankhede
M02433,Rohit Sharma,MI,69,28,246.43,1,Chepauk
M02434,Shubman Gill,GT,31,39,79.49,1,Wankhede
M02435,Jasprit Bumrah,MI,1,41,2.44,1,Chinnaswamy
M02436,KL Rahul,LSG,32,10,320.0,0,Wankhede
M02437,Ravindra Jadeja,CSK,2,32,6.25,2,Chepauk
M02438,KL Rahul,LSG,74,41,180.49,1,Wankhede
M02439,Rohit Sharma,MI,55,22,250.0,2,Eden Gardens
M02440,Ravindra Jadeja,CSK,59,6,983.33,0,Chepauk
M02441,Virat Kohli,RCB,29,34,85.29,2,Wankhede
M02442,Rohit Sharma,MI,36,26,138.46,1,Chepauk
M02443,KL Rahul,LSG,63,13,484.62,1,Chinnaswamy
M02444,Ruturaj Gaikwad,CSK,1,43,2.33,0,Chinnaswamy
M02445,KL Rahul,LSG,65,15,433.33,0,Eden Gardens
M02446,Ravindra Jadeja,CSK,49,10,490.0,0,Chinnaswamy
M02447,Ravindra Jadeja,CSK,1,28,3.57,2,Eden Gardens
M02448,Shubman Gill,GT,12,18,66.67,0,Wankhede
M02449,Virat Kohli,RCB,9,22,40.91,0,Wankhede
M02450,Ruturaj Gaikwad,CSK,53,38,139.47,1,Eden Gardens
M02451,Ravindra Jadeja,CSK,82,11,745.45,1,Eden Gardens
M02452,Ravindra Jadeja,CSK,40,43,93.02,0,Eden Gardens
M02453,Shubman Gill,GT,32,30,106.67,3,Eden Gardens
M02454,KL Rahul,LSG,54,31,174.19,0,Wankhede
M02455,Rohit Sharma,MI,72,30,240.0,0,Chepauk
M02456,Jasprit Bumrah,MI,57,45,126.67,2,Chinnaswamy
M02457,Jasprit Bumrah,MI,46,28,164.29,0,Chepauk
M02458,KL Rahul,LSG,0,24,0.0,1,Chinnaswamy
M02459,Surya Kumar Yadav,MI,20,37,54.05,1,Eden Gardens
M02460,Jasprit Bumrah,MI,8,38,21.05,0,Chinnaswamy
M02461,Ravindra Jadeja,CSK,24,27,88.89,1,Chinnaswamy
M02462,Surya Kumar Yadav,MI,41,17,241.18,1,Chepauk
M02463,Ravindra Jadeja,CSK,32,25,128.0,1,Eden Gardens
M02464,Rohit Sharma,MI,38,27,140.74,0,Eden Gardens
M02465,Surya Kumar Yadav,MI,14,33,42.42,0,Wankhede
M02466,Surya Kumar Yadav,MI,39,9,433.33,1,Wankhede
M02467,Rohit Sharma,MI,49,24,204.17,2,Chepauk
M02468,Surya Kumar Yadav,MI,31,20,155.0,1,Chinnaswamy
M02469,KL Rahul,LSG,41,36,113.89,1,Wankhede
M02470,Shubman Gill,GT,38,23,165.22,3,Chinnaswamy
M02471,Ruturaj Gaikwad,CSK,56,29,193.1,0,Chinnaswamy
M02472,KL Rahul,LSG,28,26,107.69,1,Chepauk
M02473,Shubman Gill,GT,38,17,223.53,1,Chinnaswamy
M02474,Ruturaj Gaikwad,CSK,36,19,189.47,1,Chepauk
M02475,Virat Kohli,RCB,46,26,176.92,0,Chinnaswamy
M02476,Jasprit Bumrah,MI,39,21,185.71,2,Eden Gardens
M02477,Jasprit Bumrah,MI,62,23,269.57,1,Chinnaswamy
M02478,Jasprit Bumrah,MI,17,22,77.27,0,Wankhede
M02479,Ruturaj Gaikwad,CSK,54,23,234.78,1,Eden Gardens
M02480,Ruturaj Gaikwad,CSK,32,20,160.0,0,Wankhede
M02481,Shubman Gill,GT,52,29,179.31,0,Eden Gardens
M02482,Virat Kohli,RCB,37,20,185.0,1,Eden Gardens
M02483,Ruturaj Gaikwad,CSK,35,32,109.38,1,Chepauk
M02484,Jasprit Bumrah,MI,5,25,20.0,0,Eden Gardens
M02485,Jasprit Bumrah,MI,12,16,75.0,1,Eden Gardens
M02486,Ruturaj Gaikwad,CSK,48,32,150.0,3,Chepauk
M02487,Ravindra Jadeja,CSK,16,8,200.0,2,Eden Gardens
M02488,Ravindra Jadeja,CSK,0,37,0.0,1,Chinnaswamy
M02489,Shubman Gill,GT,57,53,107.55,2,Chinnaswamy
M02490,Ravindra Jadeja,CSK,77,38,202.63,1,Wankhede
M02491,Shubman Gill,GT,21,7,300.0,0,Chepauk
M02492,Shubman Gill,GT,71,36,197.22,0,Chinnaswamy
M02493,Ravindra Jadeja,CSK,53,26,203.85,0,Chinnaswamy
M02494,Ravindra Jadeja,CSK,12,17,70.59,0,Chepauk
M02495,Ruturaj Gaikwad,CSK,44,27,162.96,0,Eden Gardens
M02496,Surya Kumar Yadav,MI,55,43,127.91,3,Wankhede
M02497,Virat Kohli,RCB,0,24,0.0,1,Wankhede
M02498,Shubman Gill,GT,32,11,290.91,0,Wankhede
M02499,Rohit Sharma,MI,56,9,622.22,2,Chinnaswamy
M02500,Ruturaj Gaikwad,CSK,3,15,20.0,0,Eden Gardens
M02501,KL Rahul,LSG,14,25,56.0,0,Chepauk
M02502,Ravindra Jadeja,CSK,26,12,216.67,1,Chinnaswamy
M02503,Virat Kohli,RCB,5,21,23.81,0,Eden Gardens
M02504,Ravindra Jadeja,CSK,51,4,1275.0,0,Chinnaswamy
M02505,Rohit Sharma,MI,18,28,64.29,0,Chepauk
M02506,Shubman Gill,GT,43,37,116.22,1,Eden Gardens
M02507,Ruturaj Gaikwad,CSK,77,15,513.33,0,Chinnaswamy
M02508,KL Rahul,LSG,30,15,200.0,0,Chepauk
M02509,Surya Kumar Yadav,MI,2,8,25.0,0,Chinnaswamy
M02510,KL Rahul,LSG,11,7,157.14,3,Wankhede
M02511,Jasprit Bumrah,MI,37,23,160.87,1,Wankhede
M02512,Virat Kohli,RCB,70,33,212.12,0,Chepauk
M02513,Shubman Gill,GT,37,29,127.59,2,Wankhede
M02514,Ruturaj Gaikwad,CSK,14,36,38.89,1,Eden Gardens
M02515,Jasprit Bumrah,MI,8,14,57.14,0,Chinnaswamy
M02516,Shubman Gill,GT,90,29,310.34,3,Eden Gardens
M02517,KL Rahul,LSG,46,21,219.05,1,Chinnaswamy
M02518,Rohit Sharma,MI,36,22,163.64,1,Wankhede
M02519,Surya Kumar Yadav,MI,16,21,76.19,1,Chinnaswamy
M02520,Ruturaj Gaikwad,CSK,69,41,168.29,0,Chepauk
M02521,Surya Kumar Yadav,MI,42,1,4200.0,2,Wankhede
M02522,Ravindra Jadeja,CSK,2,14,14.29,0,Chinnaswamy
M02523,Jasprit Bumrah,MI,19,21,90.48,0,Eden Gardens
M02524,Surya Kumar Yadav,MI,25,22,113.64,1,Wankhede
M02525,Ruturaj Gaikwad,CSK,53,18,294.44,0,Wankhede
M02526,Shubman Gill,GT,41,36,113.89,0,Wankhede
M02527,Rohit Sharma,MI,31,22,140.91,0,Wankhede
M02528,Ravindra Jadeja,CSK,3,20,15.0,1,Wankhede
M02529,Rohit Sharma,MI,46,18,255.56,0,Chinnaswamy
M02530,Jasprit Bumrah,MI,36,10,360.0,0,Eden Gardens
M02531,Jasprit Bumrah,MI,55,28,196.43,1,Wankhede
M02532,Shubman Gill,GT,74,12,616.67,3,Chepauk
M02533,Surya Kumar Yadav,MI,36,26,138.46,0,Chepauk
M02534,Ravindra Jadeja,CSK,0,30,0.0,0,Wankhede
M02535,Rohit Sharma,MI,49,1,4900.0,0,Wankhede
M02536,Jasprit Bumrah,MI,34,21,161.9,1,Chinnaswamy
M02537,Jasprit Bumrah,MI,21,12,175.0,3,Chepauk
M02538,Ravindra Jadeja,CSK,64,27,237.04,2,Chepauk
M02539,Shubman Gill,GT,35,28,125.0,0,Eden Gardens
M02540,Jasprit Bumrah,MI,0,3,0.0,0,Chepauk
M02541,KL Rahul,LSG,57,22,259.09,1,Chepauk
M02542,Ruturaj Gaikwad,CSK,0,15,0.0,0,Wankhede
M02543,Surya Kumar Yadav,MI,18,26,69.23,2,Chepauk
M02544,KL Rahul,LSG,0,39,0.0,2,Chinnaswamy
M02545,Ruturaj Gaikwad,CSK,39,27,144.44,0,Eden Gardens
M02546,Rohit Sharma,MI,49,8,612.5,0,Wankhede
M02547,Ravindra Jadeja,CSK,89,35,254.29,1,Chinnaswamy
M02548,Ruturaj Gaikwad,CSK,39,40,97.5,0,Wankhede
M02549,KL Rahul,LSG,46,28,164.29,1,Chinnaswamy
M02550,Rohit Sharma,MI,12,16,75.0,1,Chinnaswamy
M02551,Shubman Gill,GT,26,14,185.71,0,Eden Gardens
M02552,KL Rahul,LSG,18,24,75.0,0,Eden Gardens
M02553,KL Rahul,LSG,28,22,127.27,1,Wankhede
M02554,KL Rahul,LSG,96,21,457.14,0,Wankhede
M02555,KL Rahul,LSG,38,18,211.11,0,Wankhede
M02556,Ruturaj Gaikwad,CSK,52,23,226.09,0,Eden Gardens
M02557,Jasprit Bumrah,MI,32,32,100.0,0,Eden Gardens
M02558,Rohit Sharma,MI,50,42,119.05,3,Eden Gardens
M02559,Ruturaj Gaikwad,CSK,56,28,200.0,3,Wankhede
M02560,Virat Kohli,RCB,9,37,24.32,3,Eden Gardens
M02561,KL Rahul,LSG,49,11,445.45,0,Eden Gardens
M02562,Shubman Gill,GT,65,29,224.14,1,Chinnaswamy
M02563,Shubman Gill,GT,56,50,112.0,2,Chinnaswamy
M02564,Rohit Sharma,MI,3,42,7.14,0,Chinnaswamy
M02565,Shubman Gill,GT,36,42,85.71,0,Chepauk
M02566,Rohit Sharma,MI,76,23,330.43,1,Chinnaswamy
M02567,Surya Kumar Yadav,MI,20,17,117.65,1,Wankhede
M02568,Virat Kohli,RCB,8,27,29.63,2,Wankhede
M02569,Rohit Sharma,MI,42,42,100.0,1,Eden Gardens
M02570,Ruturaj Gaikwad,CSK,29,22,131.82,0,Chinnaswamy
M02571,KL Rahul,LSG,0,26,0.0,0,Wankhede
M02572,Virat Kohli,RCB,54,11,490.91,1,Chinnaswamy
M02573,Ravindra Jadeja,CSK,48,20,240.0,2,Chinnaswamy
M02574,Rohit Sharma,MI,11,38,28.95,3,Chepauk
M02575,Shubman Gill,GT,27,25,108.0,0,Eden Gardens
M02576,Ruturaj Gaikwad,CSK,0,30,0.0,1,Wankhede
M02577,Shubman Gill,GT,45,42,107.14,3,Wankhede
M02578,Surya Kumar Yadav,MI,46,37,124.32,2,Wankhede
M02579,Surya Kumar Yadav,MI,0,32,0.0,0,Chinnaswamy
M02580,Rohit Sharma,MI,66,13,507.69,0,Wankhede
M02581,Virat Kohli,RCB,25,33,75.76,3,Wankhede
M02582,Surya Kumar Yadav,MI,96,23,417.39,0,Chepauk
M02583,Ravindra Jadeja,CSK,44,29,151.72,3,Wankhede
M02584,Surya Kumar Yadav,MI,27,32,84.38,0,Chinnaswamy
M02585,Shubman Gill,GT,29,36,80.56,0,Wankhede
M02586,Surya Kumar Yadav,MI,38,1,3800.0,0,Chepauk
M02587,KL Rahul,LSG,27,31,87.1,1,Wankhede
M02588,Shubman Gill,GT,29,21,138.1,3,Eden Gardens
M02589,Ruturaj Gaikwad,CSK,0,21,0.0,1,Chepauk
M02590,Ruturaj Gaikwad,CSK,40,26,153.85,1,Wankhede
M02591,Shubman Gill,GT,69,20,345.0,3,Chinnaswamy
M02592,Virat Kohli,RCB,60,21,285.71,1,Chinnaswamy
M02593,Ravindra Jadeja,CSK,45,19,236.84,1,Eden Gardens
M02594,Surya Kumar Yadav,MI,48,22,218.18,0,Wankhede
M02595,Surya Kumar Yadav,MI,44,24,183.33,1,Chinnaswamy
M02596,Virat Kohli,RCB,31,23,134.78,0,Chinnaswamy
M02597,Surya Kumar Yadav,MI,0,32,0.0,1,Wankhede
M02598,KL Rahul,LSG,51,22,231.82,1,Chepauk
M02599,Ruturaj Gaikwad,CSK,45,2,2250.0,1,Chinnaswamy
M02600,Rohit Sharma,MI,19,4,475.0,3,Chinnaswamy
M02601,Surya Kumar Yadav,MI,25,32,78.12,1,Eden Gardens
M02602,Surya Kumar Yadav,MI,4,23,17.39,1,Chinnaswamy
M02603,KL Rahul,LSG,21,31,67.74,0,Chinnaswamy
M02604,Shubman Gill,GT,7,22,31.82,3,Chinnaswamy
M02605,Shubman Gill,GT,34,29,117.24,0,Chinnaswamy
M02606,Shubman Gill,GT,67,23,291.3,2,Wankhede
M02607,Rohit Sharma,MI,11,20,55.0,3,Chepauk
M02608,KL Rahul,LSG,43,21,204.76,0,Chepauk
M02609,Ravindra Jadeja,CSK,18,20,90.0,1,Chepauk
M02610,KL Rahul,LSG,63,27,233.33,1,Chinnaswamy
M02611,Shubman Gill,GT,21,22,95.45,3,Wankhede
M02612,KL Rahul,LSG,4,34,11.76,2,Eden Gardens
M02613,Jasprit Bumrah,MI,30,24,125.0,0,Wankhede
M02614,Shubman Gill,GT,79,13,607.69,0,Chinnaswamy
M02615,Rohit Sharma,MI,66,21,314.29,0,Eden Gardens
M02616,Surya Kumar Yadav,MI,34,18,188.89,0,Chepauk
M02617,Shubman Gill,GT,56,9,622.22,0,Chinnaswamy
M02618,Ruturaj Gaikwad,CSK,34,21,161.9,0,Chinnaswamy
M02619,KL Rahul,LSG,38,17,223.53,1,Chinnaswamy
M02620,Virat Kohli,RCB,0,33,0.0,3,Eden Gardens
M02621,Virat Kohli,RCB,76,22,345.45,0,Eden Gardens
M02622,Surya Kumar Yadav,MI,39,31,125.81,0,Chinnaswamy
M02623,Virat Kohli,RCB,38,38,100.0,3,Chinnaswamy
M02624,Virat Kohli,RCB,32,21,152.38,3,Chinnaswamy
M02625,Virat Kohli,RCB,51,48,106.25,0,Chinnaswamy
M02626,Ravindra Jadeja,CSK,31,20,155.0,2,Chinnaswamy
M02627,Jasprit Bumrah,MI,38,34,111.76,3,Chepauk
M02628,Ravindra Jadeja,CSK,67,26,257.69,2,Eden Gardens
M02629,Surya Kumar Yadav,MI,28,17,164.71,3,Eden Gardens
M02630,Ravindra Jadeja,CSK,5,31,16.13,0,Chinnaswamy
M02631,Shubman Gill,GT,16,30,53.33,0,Chinnaswamy
M02632,Rohit Sharma,MI,16,16,100.0,0,Eden Gardens
M02633,Ruturaj Gaikwad,CSK,14,19,73.68,0,Chinnaswamy
M02634,KL Rahul,LSG,18,26,69.23,3,Chepauk
M02635,Virat Kohli,RCB,31,32,96.88,0,Chepauk
M02636,Rohit Sharma,MI,38,19,200.0,3,Chepauk
M02637,Virat Kohli,RCB,32,31,103.23,1,Chepauk
M02638,Ravindra Jadeja,CSK,93,28,332.14,0,Chinnaswamy
M02639,Shubman Gill,GT,43,1,4300.0,0,Wankhede
M02640,Ruturaj Gaikwad,CSK,32,27,118.52,3,Chepauk
M02641,KL Rahul,LSG,0,26,0.0,0,Chepauk
M02642,Rohit Sharma,MI,23,18,127.78,0,Chepauk
M02643,Jasprit Bumrah,MI,113,23,491.3,0,Wankhede
M02644,Ruturaj Gaikwad,CSK,45,14,321.43,1,Eden Gardens
M02645,KL Rahul,LSG,30,27,111.11,1,Wankhede
M02646,Surya Kumar Yadav,MI,19,35,54.29,1,Chepauk
M02647,Rohit Sharma,MI,57,29,196.55,3,Chepauk
M02648,Jasprit Bumrah,MI,9,7,128.57,1,Eden Gardens
M02649,Shubman Gill,GT,53,18,294.44,2,Chepauk
M02650,Ruturaj Gaikwad,CSK,74,29,255.17,3,Eden Gardens
M02651,Ravindra Jadeja,CSK,72,33,218.18,0,Chinnaswamy
M02652,KL Rahul,LSG,21,23,91.3,1,Chinnaswamy
M02653,Jasprit Bumrah,MI,17,27,62.96,1,Chepauk
M02654,Surya Kumar Yadav,MI,0,15,0.0,0,Eden Gardens
M02655,Surya Kumar Yadav,MI,51,29,175.86,0,Eden Gardens
M02656,Jasprit Bumrah,MI,28,27,103.7,0,Chepauk
M02657,Ravindra Jadeja,CSK,21,37,56.76,1,Chinnaswamy
M02658,KL Rahul,LSG,54,30,180.0,0,Eden Gardens
M02659,Surya Kumar Yadav,MI,16,45,35.56,2,Eden Gardens
M02660,Surya Kumar Yadav,MI,18,27,66.67,0,Eden Gardens
M02661,Ravindra Jadeja,CSK,24,50,48.0,0,Chepauk
M02662,Jasprit Bumrah,MI,67,22,304.55,1,Eden Gardens
M02663,Ruturaj Gaikwad,CSK,1,17,5.88,1,Chepauk
M02664,Surya Kumar Yadav,MI,0,20,0.0,1,Eden Gardens
M02665,Rohit Sharma,MI,9,29,31.03,2,Eden Gardens
M02666,Ruturaj Gaikwad,CSK,27,15,180.0,2,Chinnaswamy
M02667,Jasprit Bumrah,MI,11,21,52.38,0,Chinnaswamy
M02668,Ravindra Jadeja,CSK,27,4,675.0,0,Chepauk
M02669,KL Rahul,LSG,25,7,357.14,1,Chepauk
M02670,Virat Kohli,RCB,19,21,90.48,3,Chepauk
M02671,Ruturaj Gaikwad,CSK,26,28,92.86,1,Chinnaswamy
M02672,Virat Kohli,RCB,31,23,134.78,0,Wankhede
M02673,Shubman Gill,GT,23,21,109.52,0,Wankhede
M02674,Jasprit Bumrah,MI,30,28,107.14,3,Chepauk
M02675,KL Rahul,LSG,30,33,90.91,0,Wankhede
M02676,Virat Kohli,RCB,21,20,105.0,0,Chinnaswamy
M02677,Jasprit Bumrah,MI,14,27,51.85,3,Eden Gardens
M02678,Shubman Gill,GT,58,28,207.14,1,Chepauk
M02679,Virat Kohli,RCB,21,36,58.33,1,Chinnaswamy
M02680,Shubman Gill,GT,40,23,173.91,1,Chinnaswamy
M02681,Jasprit Bumrah,MI,9,33,27.27,0,Eden Gardens
M02682,Ravindra Jadeja,CSK,0,37,0.0,0,Chepauk
M02683,Virat Kohli,RCB,69,19,363.16,0,Chepauk
M02684,Ravindra Jadeja,CSK,62,23,269.57,0,Wankhede
M02685,Rohit Sharma,MI,37,24,154.17,0,Eden Gardens
M02686,Ruturaj Gaikwad,CSK,0,12,0.0,1,Wankhede
M02687,Ravindra Jadeja,CSK,55,30,183.33,0,Chinnaswamy
M02688,Ravindra Jadeja,CSK,0,24,0.0,0,Chinnaswamy
M02689,Virat Kohli,RCB,36,10,360.0,0,Chepauk
M02690,KL Rahul,LSG,15,39,38.46,0,Wankhede
M02691,Jasprit Bumrah,MI,58,32,181.25,0,Wankhede
M02692,Surya Kumar Yadav,MI,19,33,57.58,0,Wankhede
M02693,Shubman Gill,GT,45,33,136.36,0,Eden Gardens
M02694,KL Rahul,LSG,16,21,76.19,0,Chepauk
M02695,Surya Kumar Yadav,MI,22,25,88.0,1,Wankhede
M02696,KL Rahul,LSG,40,31,129.03,2,Chepauk
M02697,KL Rahul,LSG,0,20,0.0,1,Wankhede
M02698,Ruturaj Gaikwad,CSK,70,27,259.26,0,Chepauk
M02699,KL Rahul,LSG,54,19,284.21,0,Wankhede
M02700,Ruturaj Gaikwad,CSK,0,28,0.0,1,Chepauk
M02701,Shubman Gill,GT,41,20,205.0,1,Chepauk
M02702,Jasprit Bumrah,MI,39,18,216.67,0,Chinnaswamy
M02703,Jasprit Bumrah,MI,11,14,78.57,2,Chepauk
M02704,Virat Kohli,RCB,24,18,133.33,1,Eden Gardens
M02705,Ruturaj Gaikwad,CSK,47,25,188.0,1,Eden Gardens
M02706,Shubman Gill,GT,26,31,83.87,0,Wankhede
M02707,Surya Kumar Yadav,MI,48,19,252.63,2,Wankhede
M02708,Surya Kumar Yadav,MI,35,33,106.06,2,Wankhede
M02709,Virat Kohli,RCB,20,13,153.85,1,Eden Gardens
M02710,Surya Kumar Yadav,MI,65,26,250.0,1,Chinnaswamy
M02711,Rohit Sharma,MI,38,27,140.74,1,Chinnaswamy
M02712,Surya Kumar Yadav,MI,0,20,0.0,3,Eden Gardens
M02713,Shubman Gill,GT,12,26,46.15,1,Wankhede
M02714,Surya Kumar Yadav,MI,21,5,420.0,2,Eden Gardens
M02715,Virat Kohli,RCB,60,14,428.57,3,Eden Gardens
M02716,Rohit Sharma,MI,15,20,75.0,0,Wankhede
M02717,Virat Kohli,RCB,19,19,100.0,3,Eden Gardens
M02718,KL Rahul,LSG,31,32,96.88,1,Chinnaswamy
M02719,Rohit Sharma,MI,53,29,182.76,0,Chepauk
M02720,Jasprit Bumrah,MI,28,31,90.32,2,Eden Gardens
M02721,Surya Kumar Yadav,MI,22,21,104.76,0,Wankhede
M02722,Rohit Sharma,MI,44,50,88.0,3,Eden Gardens
M02723,Surya Kumar Yadav,MI,72,15,480.0,1,Eden Gardens
M02724,Virat Kohli,RCB,22,9,244.44,0,Chinnaswamy
M02725,KL Rahul,LSG,20,23,86.96,1,Chepauk
M02726,Jasprit Bumrah,MI,0,9,0.0,0,Chinnaswamy
M02727,Surya Kumar Yadav,MI,76,8,950.0,1,Chinnaswamy
M02728,Ravindra Jadeja,CSK,16,19,84.21,0,Wankhede
M02729,Rohit Sharma,MI,54,22,245.45,3,Wankhede
M02730,Surya Kumar Yadav,MI,0,21,0.0,3,Eden Gardens
M02731,Virat Kohli,RCB,72,26,276.92,1,Chepauk
M02732,Jasprit Bumrah,MI,0,29,0.0,0,Wankhede
M02733,KL Rahul,LSG,71,28,253.57,0,Wankhede
M02734,Rohit Sharma,MI,57,12,475.0,2,Chinnaswamy
M02735,KL Rahul,LSG,40,22,181.82,0,Eden Gardens
M02736,Surya Kumar Yadav,MI,25,44,56.82,2,Wankhede
M02737,Shubman Gill,GT,3,17,17.65,2,Chepauk
M02738,Virat Kohli,RCB,31,1,3100.0,1,Wankhede
M02739,Jasprit Bumrah,MI,23,21,109.52,0,Eden Gardens
M02740,Surya Kumar Yadav,MI,48,27,177.78,1,Chepauk
M02741,Ravindra Jadeja,CSK,55,20,275.0,0,Chepauk
M02742,Virat Kohli,RCB,5,29,17.24,0,Eden Gardens
M02743,Jasprit Bumrah,MI,0,29,0.0,0,Chinnaswamy
M02744,Rohit Sharma,MI,38,23,165.22,1,Eden Gardens
M02745,Ravindra Jadeja,CSK,67,25,268.0,1,Wankhede
M02746,Rohit Sharma,MI,22,20,110.0,0,Eden Gardens
M02747,Ruturaj Gaikwad,CSK,49,28,175.0,0,Eden Gardens
M02748,Rohit Sharma,MI,14,42,33.33,1,Wankhede
M02749,KL Rahul,LSG,31,16,193.75,0,Chinnaswamy
M02750,Surya Kumar Yadav,MI,40,23,173.91,0,Chepauk
M02751,KL Rahul,LSG,2,28,7.14,0,Chepauk
M02752,Surya Kumar Yadav,MI,88,31,283.87,2,Eden Gardens
M02753,Virat Kohli,RCB,52,32,162.5,3,Eden Gardens
M02754,Surya Kumar Yadav,MI,5,21,23.81,1,Eden Gardens
M02755,Ravindra Jadeja,CSK,53,36,147.22,0,Wankhede
M02756,Surya Kumar Yadav,MI,57,35,162.86,0,Chepauk
M02757,Surya Kumar Yadav,MI,27,25,108.0,0,Chinnaswamy
M02758,Shubman Gill,GT,4,21,19.05,0,Eden Gardens
M02759,Virat Kohli,RCB,0,20,0.0,0,Wankhede
M02760,Rohit Sharma,MI,39,22,177.27,1,Chepauk
M02761,Jasprit Bumrah,MI,53,26,203.85,2,Wankhede
M02762,Surya Kumar Yadav,MI,40,25,160.0,0,Chepauk
M02763,Rohit Sharma,MI,47,19,247.37,0,Chinnaswamy
M02764,Ruturaj Gaikwad,CSK,82,20,410.0,0,Chepauk
M02765,Surya Kumar Yadav,MI,48,22,218.18,3,Chinnaswamy
M02766,Jasprit Bumrah,MI,8,26,30.77,3,Eden Gardens
M02767,Surya Kumar Yadav,MI,44,33,133.33,1,Chepauk
M02768,Surya Kumar Yadav,MI,9,23,39.13,3,Wankhede
M02769,Ravindra Jadeja,CSK,46,17,270.59,1,Chepauk
M02770,KL Rahul,LSG,16,24,66.67,0,Chinnaswamy
M02771,Ravindra Jadeja,CSK,50,23,217.39,0,Wankhede
M02772,Surya Kumar Yadav,MI,77,45,171.11,2,Chepauk
M02773,Ruturaj Gaikwad,CSK,45,3,1500.0,0,Chepauk
M02774,Jasprit Bumrah,MI,87,21,414.29,3,Chinnaswamy
M02775,KL Rahul,LSG,35,29,120.69,0,Wankhede
M02776,Ruturaj Gaikwad,CSK,59,15,393.33,3,Wankhede
M02777,KL Rahul,LSG,36,35,102.86,0,Eden Gardens
M02778,Shubman Gill,GT,38,29,131.03,3,Eden Gardens
M02779,Surya Kumar Yadav,MI,19,7,271.43,1,Eden Gardens
M02780,Surya Kumar Yadav,MI,0,25,0.0,0,Chepauk
M02781,Rohit Sharma,MI,4,59,6.78,2,Eden Gardens
M02782,Rohit Sharma,MI,6,7,85.71,0,Chepauk
M02783,KL Rahul,LSG,34,25,136.0,0,Eden Gardens
M02784,Ruturaj Gaikwad,CSK,1,29,3.45,3,Wankhede
M02785,Shubman Gill,GT,40,40,100.0,0,Chepauk
M02786,Rohit Sharma,MI,31,31,100.0,2,Eden Gardens
M02787,Surya Kumar Yadav,MI,60,18,333.33,1,Chepauk
M02788,Rohit Sharma,MI,28,21,133.33,0,Eden Gardens
M02789,Ruturaj Gaikwad,CSK,72,20,360.0,0,Chinnaswamy
M02790,Jasprit Bumrah,MI,42,22,190.91,0,Eden Gardens
M02791,Surya Kumar Yadav,MI,39,27,144.44,1,Wankhede
M02792,Ravindra Jadeja,CSK,40,21,190.48,0,Chinnaswamy
M02793,Ruturaj Gaikwad,CSK,20,38,52.63,2,Chinnaswamy
M02794,Surya Kumar Yadav,MI,36,32,112.5,3,Eden Gardens
M02795,Ruturaj Gaikwad,CSK,38,21,180.95,2,Chinnaswamy
M02796,Surya Kumar Yadav,MI,35,55,63.64,1,Chinnaswamy
M02797,Jasprit Bumrah,MI,19,5,380.0,1,Wankhede
M02798,Ravindra Jadeja,CSK,0,16,0.0,2,Wankhede
M02799,Jasprit Bumrah,MI,23,22,104.55,0,Eden Gardens
M02800,Surya Kumar Yadav,MI,57,29,196.55,1,Wankhede
M02801,Shubman Gill,GT,55,43,127.91,0,Chepauk
M02802,Rohit Sharma,MI,53,29,182.76,0,Wankhede
M02803,Surya Kumar Yadav,MI,27,23,117.39,2,Chepauk
M02804,Rohit Sharma,MI,40,30,133.33,3,Chinnaswamy
M02805,Ruturaj Gaikwad,CSK,59,21,280.95,1,Chinnaswamy
M02806,Ravindra Jadeja,CSK,54,30,180.0,0,Chinnaswamy
M02807,Jasprit Bumrah,MI,45,15,300.0,0,Wankhede
M02808,KL Rahul,LSG,21,29,72.41,3,Chinnaswamy
M02809,Virat Kohli,RCB,0,11,0.0,2,Eden Gardens
M02810,KL Rahul,LSG,45,30,150.0,3,Wankhede
M02811,Virat Kohli,RCB,17,21,80.95,0,Eden Gardens
M02812,Rohit Sharma,MI,0,17,0.0,0,Eden Gardens
M02813,Surya Kumar Yadav,MI,44,23,191.3,1,Wankhede
M02814,Jasprit Bumrah,MI,30,12,250.0,2,Chinnaswamy
M02815,Rohit Sharma,MI,37,27,137.04,2,Wankhede
M02816,KL Rahul,LSG,28,18,155.56,1,Chinnaswamy
M02817,Surya Kumar Yadav,MI,20,34,58.82,0,Chepauk
M02818,Surya Kumar Yadav,MI,23,31,74.19,0,Eden Gardens
M02819,KL Rahul,LSG,53,37,143.24,0,Wankhede
M02820,Jasprit Bumrah,MI,19,50,38.0,3,Chepauk
M02821,Ruturaj Gaikwad,CSK,72,28,257.14,3,Chinnaswamy
M02822,Ravindra Jadeja,CSK,51,19,268.42,2,Wankhede
M02823,Surya Kumar Yadav,MI,58,24,241.67,3,Eden Gardens
M02824,Rohit Sharma,MI,50,19,263.16,1,Chepauk
M02825,Virat Kohli,RCB,21,32,65.62,1,Chinnaswamy
M02826,Jasprit Bumrah,MI,2,14,14.29,3,Eden Gardens
M02827,Virat Kohli,RCB,41,36,113.89,1,Chinnaswamy
M02828,Jasprit Bumrah,MI,30,40,75.0,2,Wankhede
M02829,Virat Kohli,RCB,27,22,122.73,0,Eden Gardens
M02830,KL Rahul,LSG,68,47,144.68,3,Eden Gardens
M02831,Shubman Gill,GT,18,7,257.14,0,Chinnaswamy
M02832,Virat Kohli,RCB,0,28,0.0,1,Chepauk
M02833,Jasprit Bumrah,MI,60,10,600.0,0,Eden Gardens
M02834,Virat Kohli,RCB,68,38,178.95,1,Eden Gardens
M02835,Virat Kohli,RCB,56,36,155.56,1,Chinnaswamy
M02836,Ravindra Jadeja,CSK,4,18,22.22,1,Wankhede
M02837,Jasprit Bumrah,MI,54,18,300.0,0,Chepauk
M02838,Jasprit Bumrah,MI,20,20,100.0,0,Wankhede
M02839,Surya Kumar Yadav,MI,22,37,59.46,1,Chepauk
M02840,Jasprit Bumrah,MI,49,38,128.95,0,Wankhede
M02841,Ruturaj Gaikwad,CSK,31,6,516.67,3,Eden Gardens
M02842,Ruturaj Gaikwad,CSK,7,20,35.0,1,Chepauk
M02843,Surya Kumar Yadav,MI,26,29,89.66,1,Eden Gardens
M02844,Shubman Gill,GT,54,26,207.69,1,Chepauk
M02845,Ruturaj Gaikwad,CSK,40,32,125.0,0,Wankhede
M02846,Virat Kohli,RCB,22,20,110.0,0,Chepauk
M02847,Ruturaj Gaikwad,CSK,40,31,129.03,3,Chinnaswamy
M02848,Surya Kumar Yadav,MI,0,24,0.0,1,Wankhede
M02849,KL Rahul,LSG,42,1,4200.0,1,Eden Gardens
M02850,Jasprit Bumrah,MI,45,28,160.71,0,Chinnaswamy
M02851,Surya Kumar Yadav,MI,50,25,200.0,1,Chepauk
M02852,Virat Kohli,RCB,29,13,223.08,1,Eden Gardens
M02853,Ruturaj Gaikwad,CSK,6,22,27.27,0,Eden Gardens
M02854,Jasprit Bumrah,MI,19,28,67.86,0,Chinnaswamy
M02855,Ravindra Jadeja,CSK,55,20,275.0,0,Chepauk
M02856,KL Rahul,LSG,95,15,633.33,1,Eden Gardens
M02857,KL Rahul,LSG,12,25,48.0,1,Chepauk
M02858,Ravindra Jadeja,CSK,15,34,44.12,1,Wankhede
M02859,Virat Kohli,RCB,87,23,378.26,2,Chepauk
M02860,Surya Kumar Yadav,MI,58,21,276.19,1,Chepauk
M02861,Rohit Sharma,MI,18,38,47.37,0,Wankhede
M02862,Ruturaj Gaikwad,CSK,53,18,294.44,0,Eden Gardens
M02863,Ruturaj Gaikwad,CSK,59,19,310.53,2,Chepauk
M02864,Surya Kumar Yadav,MI,39,22,177.27,0,Wankhede
M02865,KL Rahul,LSG,0,30,0.0,0,Chinnaswamy
M02866,Ruturaj Gaikwad,CSK,51,32,159.38,0,Wankhede
M02867,KL Rahul,LSG,56,23,243.48,0,Chepauk
M02868,KL Rahul,LSG,75,9,833.33,0,Eden Gardens
M02869,Virat Kohli,RCB,50,38,131.58,0,Wankhede
M02870,Surya Kumar Yadav,MI,23,45,51.11,1,Chepauk
M02871,Ruturaj Gaikwad,CSK,33,16,206.25,3,Chepauk
M02872,Ruturaj Gaikwad,CSK,27,38,71.05,2,Wankhede
M02873,Ravindra Jadeja,CSK,46,26,176.92,3,Chinnaswamy
M02874,Ruturaj Gaikwad,CSK,51,17,300.0,3,Chinnaswamy
M02875,Rohit Sharma,MI,25,22,113.64,1,Chepauk
M02876,Ruturaj Gaikwad,CSK,40,26,153.85,1,Chepauk
M02877,Jasprit Bumrah,MI,17,27,62.96,1,Wankhede
M02878,KL Rahul,LSG,3,20,15.0,1,Wankhede
M02879,Ruturaj Gaikwad,CSK,0,22,0.0,2,Chinnaswamy
M02880,Ruturaj Gaikwad,CSK,35,14,250.0,1,Wankhede
M02881,Shubman Gill,GT,40,25,160.0,0,Wankhede
M02882,KL Rahul,LSG,0,13,0.0,3,Wankhede
M02883,Surya Kumar Yadav,MI,32,13,246.15,1,Wankhede
M02884,Shubman Gill,GT,0,28,0.0,0,Wankhede
M02885,Rohit Sharma,MI,61,26,234.62,3,Eden Gardens
M02886,Ravindra Jadeja,CSK,66,10,660.0,1,Eden Gardens
M02887,Ravindra Jadeja,CSK,31,19,163.16,2,Wankhede
M02888,Virat Kohli,RCB,9,35,25.71,0,Chinnaswamy
M02889,Jasprit Bumrah,MI,37,9,411.11,1,Chepauk
M02890,Jasprit Bumrah,MI,101,46,219.57,1,Chepauk
M02891,Ruturaj Gaikwad,CSK,19,11,172.73,0,Chepauk
M02892,Jasprit Bumrah,MI,22,26,84.62,2,Chepauk
M02893,Ruturaj Gaikwad,CSK,56,39,143.59,0,Eden Gardens
M02894,Surya Kumar Yadav,MI,41,22,186.36,1,Wankhede
M02895,Ruturaj Gaikwad,CSK,26,25,104.0,2,Chinnaswamy
M02896,Virat Kohli,RCB,43,36,119.44,0,Wankhede
M02897,Rohit Sharma,MI,0,20,0.0,1,Eden Gardens
M02898,Ruturaj Gaikwad,CSK,63,31,203.23,0,Chepauk
M02899,Jasprit Bumrah,MI,0,19,0.0,1,Chinnaswamy
M02900,KL Rahul,LSG,30,38,78.95,1,Wankhede
M02901,Surya Kumar Yadav,MI,0,21,0.0,0,Chinnaswamy
M02902,Rohit Sharma,MI,53,37,143.24,1,Chinnaswamy
M02903,Rohit Sharma,MI,12,41,29.27,3,Wankhede
M02904,Ravindra Jadeja,CSK,34,24,141.67,3,Chinnaswamy
M02905,Surya Kumar Yadav,MI,8,12,66.67,0,Wankhede
M02906,Ravindra Jadeja,CSK,22,10,220.0,0,Eden Gardens
M02907,Ravindra Jadeja,CSK,47,28,167.86,1,Eden Gardens
M02908,Rohit Sharma,MI,35,25,140.0,1,Wankhede
M02909,Ruturaj Gaikwad,CSK,1,12,8.33,0,Wankhede
M02910,Ravindra Jadeja,CSK,11,17,64.71,0,Eden Gardens
M02911,Shubman Gill,GT,19,49,38.78,0,Chepauk
M02912,Ruturaj Gaikwad,CSK,40,22,181.82,1,Wankhede
M02913,KL Rahul,LSG,37,37,100.0,1,Wankhede
M02914,Shubman Gill,GT,25,11,227.27,1,Chepauk
M02915,Surya Kumar Yadav,MI,6,22,27.27,1,Chepauk
M02916,KL Rahul,LSG,38,18,211.11,1,Chinnaswamy
M02917,Jasprit Bumrah,MI,12,1,1200.0,3,Chinnaswamy
M02918,Surya Kumar Yadav,MI,32,2,1600.0,0,Chinnaswamy
M02919,Ravindra Jadeja,CSK,42,15,280.0,1,Wankhede
M02920,Virat Kohli,RCB,15,11,136.36,1,Chepauk
M02921,Shubman Gill,GT,41,33,124.24,1,Wankhede
M02922,Shubman Gill,GT,10,13,76.92,1,Eden Gardens
M02923,KL Rahul,LSG,32,28,114.29,0,Chinnaswamy
M02924,Ravindra Jadeja,CSK,42,24,175.0,2,Chepauk
M02925,Ruturaj Gaikwad,CSK,41,6,683.33,0,Chepauk
M02926,Rohit Sharma,MI,23,29,79.31,0,Chepauk
M02927,Jasprit Bumrah,MI,2,23,8.7,3,Chepauk
M02928,Jasprit Bumrah,MI,52,31,167.74,0,Chinnaswamy
M02929,Shubman Gill,GT,26,17,152.94,2,Chinnaswamy
M02930,Ruturaj Gaikwad,CSK,68,11,618.18,0,Chepauk
M02931,Virat Kohli,RCB,45,21,214.29,1,Wankhede
M02932,Virat Kohli,RCB,60,8,750.0,0,Chinnaswamy
M02933,Shubman Gill,GT,24,19,126.32,0,Wankhede
M02934,KL Rahul,LSG,11,19,57.89,1,Chepauk
M02935,Jasprit Bumrah,MI,46,17,270.59,1,Chepauk
M02936,Surya Kumar Yadav,MI,68,18,377.78,2,Eden Gardens
M02937,KL Rahul,LSG,18,24,75.0,1,Chepauk
M02938,Shubman Gill,GT,5,28,17.86,0,Wankhede
M02939,Shubman Gill,GT,107,31,345.16,1,Chepauk
M02940,Rohit Sharma,MI,45,30,150.0,1,Chepauk
M02941,Jasprit Bumrah,MI,68,11,618.18,0,Chinnaswamy
M02942,Surya Kumar Yadav,MI,32,7,457.14,0,Eden Gardens
M02943,Jasprit Bumrah,MI,25,13,192.31,1,Chinnaswamy
M02944,Ravindra Jadeja,CSK,32,43,74.42,2,Wankhede
M02945,Surya Kumar Yadav,MI,18,29,62.07,1,Chepauk
M02946,Rohit Sharma,MI,75,27,277.78,3,Chinnaswamy
M02947,Surya Kumar Yadav,MI,0,24,0.0,1,Chinnaswamy
M02948,Jasprit Bumrah,MI,21,17,123.53,0,Eden Gardens
M02949,Ruturaj Gaikwad,CSK,66,41,160.98,3,Eden Gardens
M02950,Surya Kumar Yadav,MI,38,44,86.36,2,Eden Gardens
M02951,KL Rahul,LSG,14,33,42.42,2,Eden Gardens
M02952,KL Rahul,LSG,77,11,700.0,2,Eden Gardens
M02953,Virat Kohli,RCB,45,30,150.0,0,Eden Gardens
M02954,Virat Kohli,RCB,44,7,628.57,0,Wankhede
M02955,Ruturaj Gaikwad,CSK,36,32,112.5,0,Chinnaswamy
M02956,Ravindra Jadeja,CSK,60,24,250.0,2,Wankhede
M02957,Surya Kumar Yadav,MI,37,42,88.1,1,Chinnaswamy
M02958,Surya Kumar Yadav,MI,67,24,279.17,0,Eden Gardens
M02959,Ravindra Jadeja,CSK,36,24,150.0,2,Chepauk
M02960,KL Rahul,LSG,0,28,0.0,0,Chepauk
M02961,Jasprit Bumrah,MI,31,16,193.75,3,Chepauk
M02962,Shubman Gill,GT,61,24,254.17,0,Eden Gardens
M02963,KL Rahul,LSG,15,23,65.22,0,Wankhede
M02964,Rohit Sharma,MI,71,26,273.08,1,Wankhede
M02965,Virat Kohli,RCB,49,38,128.95,0,Wankhede
M02966,Ruturaj Gaikwad,CSK,1,18,5.56,0,Chepauk
M02967,Surya Kumar Yadav,MI,0,6,0.0,0,Eden Gardens
M02968,Rohit Sharma,MI,101,27,374.07,3,Chinnaswamy
M02969,KL Rahul,LSG,30,7,428.57,0,Chinnaswamy
M02970,Ravindra Jadeja,CSK,50,31,161.29,0,Wankhede
M02971,KL Rahul,LSG,46,1,4600.0,0,Chinnaswamy
M02972,Ravindra Jadeja,CSK,66,22,300.0,0,Chinnaswamy
M02973,KL Rahul,LSG,13,22,59.09,2,Chepauk
M02974,Surya Kumar Yadav,MI,10,26,38.46,0,Wankhede
M02975,KL Rahul,LSG,78,17,458.82,0,Chepauk
M02976,Virat Kohli,RCB,37,25,148.0,0,Chepauk
M02977,Shubman Gill,GT,26,29,89.66,0,Wankhede
M02978,Ravindra Jadeja,CSK,59,28,210.71,0,Chinnaswamy
M02979,Shubman Gill,GT,31,27,114.81,0,Wankhede
M02980,Surya Kumar Yadav,MI,21,36,58.33,1,Wankhede
M02981,Surya Kumar Yadav,MI,46,17,270.59,0,Eden Gardens
M02982,KL Rahul,LSG,0,32,0.0,0,Chinnaswamy
M02983,Ruturaj Gaikwad,CSK,28,40,70.0,0,Chepauk
M02984,Ruturaj Gaikwad,CSK,60,24,250.0,0,Eden Gardens
M02985,Ravindra Jadeja,CSK,25,36,69.44,1,Wankhede
M02986,KL Rahul,LSG,40,19,210.53,0,Chepauk
M02987,KL Rahul,LSG,55,38,144.74,0,Chinnaswamy
M02988,Ravindra Jadeja,CSK,0,20,0.0,3,Chepauk
M02989,Surya Kumar Yadav,MI,45,27,166.67,2,Chinnaswamy
M02990,Ruturaj Gaikwad,CSK,71,25,284.0,3,Chinnaswamy
M02991,Surya Kumar Yadav,MI,45,22,204.55,3,Wankhede
M02992,Rohit Sharma,MI,39,18,216.67,1,Chinnaswamy
M02993,Rohit Sharma,MI,30,43,69.77,0,Chinnaswamy
M02994,KL Rahul,LSG,37,11,336.36,0,Eden Gardens
M02995,Ruturaj Gaikwad,CSK,33,33,100.0,0,Wankhede
M02996,KL Rahul,LSG,37,23,160.87,0,Eden Gardens
M02997,KL Rahul,LSG,27,13,207.69,2,Chinnaswamy
M02998,Shubman Gill,GT,54,10,540.0,2,Wankhede
M02999,Rohit Sharma,MI,13,36,36.11,0,Chepauk
M03000,Virat Kohli,RCB,54,36,150.0,2,Eden Gardens
M03001,KL Rahul,LSG,3,23,13.04,0,Chinnaswamy
M03002,Jasprit Bumrah,MI,25,42,59.52,2,Chinnaswamy
M03003,KL Rahul,LSG,43,27,159.26,3,Eden Gardens
M03004,Ruturaj Gaikwad,CSK,84,29,289.66,0,Chepauk
M03005,KL Rahul,LSG,24,18,133.33,1,Chepauk
M03006,Shubman Gill,GT,64,1,6400.0,2,Wankhede
M03007,Rohit Sharma,MI,21,10,210.0,0,Chepauk
M03008,Surya Kumar Yadav,MI,51,34,150.0,1,Eden Gardens
M03009,Ravindra Jadeja,CSK,24,27,88.89,0,Wankhede
M03010,Rohit Sharma,MI,0,35,0.0,3,Chinnaswamy
M03011,Virat Kohli,RCB,41,28,146.43,0,Wankhede
M03012,Surya Kumar Yadav,MI,22,28,78.57,1,Chepauk
M03013,Shubman Gill,GT,0,11,0.0,1,Eden Gardens
M03014,Shubman Gill,GT,62,19,326.32,1,Eden Gardens
M03015,Surya Kumar Yadav,MI,33,30,110.0,1,Chinnaswamy
M03016,Virat Kohli,RCB,21,33,63.64,2,Chinnaswamy
M03017,KL Rahul,LSG,16,23,69.57,0,Chepauk
M03018,Ruturaj Gaikwad,CSK,16,25,64.0,2,Eden Gardens
M03019,Shubman Gill,GT,44,40,110.0,0,Chepauk
M03020,Rohit Sharma,MI,0,27,0.0,3,Eden Gardens
M03021,Ruturaj Gaikwad,CSK,54,21,257.14,1,Wankhede
M03022,Surya Kumar Yadav,MI,8,35,22.86,1,Wankhede
M03023,Surya Kumar Yadav,MI,16,14,114.29,0,Wankhede
M03024,Ruturaj Gaikwad,CSK,0,42,0.0,1,Chinnaswamy
M03025,Surya Kumar Yadav,MI,32,17,188.24,1,Eden Gardens
M03026,Rohit Sharma,MI,43,1,4300.0,2,Wankhede
M03027,Ruturaj Gaikwad,CSK,14,21,66.67,3,Wankhede
M03028,Jasprit Bumrah,MI,0,10,0.0,1,Chepauk
M03029,Virat Kohli,RCB,40,35,114.29,0,Chinnaswamy
M03030,Virat Kohli,RCB,59,39,151.28,0,Chepauk
M03031,Rohit Sharma,MI,14,25,56.0,1,Chinnaswamy
M03032,KL Rahul,LSG,23,17,135.29,0,Chepauk
M03033,Ruturaj Gaikwad,CSK,14,45,31.11,2,Chinnaswamy
M03034,Shubman Gill,GT,0,30,0.0,1,Wankhede
M03035,Virat Kohli,RCB,50,24,208.33,0,Chepauk
M03036,KL Rahul,LSG,32,8,400.0,2,Wankhede
M03037,Surya Kumar Yadav,MI,60,14,428.57,0,Chepauk
M03038,Jasprit Bumrah,MI,1,22,4.55,0,Chinnaswamy
M03039,Surya Kumar Yadav,MI,53,27,196.3,1,Chinnaswamy
M03040,Rohit Sharma,MI,0,23,0.0,3,Wankhede
M03041,Rohit Sharma,MI,22,23,95.65,1,Eden Gardens
M03042,Virat Kohli,RCB,46,24,191.67,1,Chepauk
M03043,Surya Kumar Yadav,MI,35,39,89.74,3,Eden Gardens
M03044,Virat Kohli,RCB,29,26,111.54,3,Chinnaswamy
M03045,Jasprit Bumrah,MI,2,27,7.41,3,Chinnaswamy
M03046,KL Rahul,LSG,61,42,145.24,1,Chinnaswamy
M03047,Virat Kohli,RCB,0,9,0.0,1,Wankhede
M03048,Ruturaj Gaikwad,CSK,49,22,222.73,0,Chinnaswamy
M03049,Virat Kohli,RCB,34,13,261.54,3,Eden Gardens
M03050,Shubman Gill,GT,50,34,147.06,1,Chepauk
M03051,Virat Kohli,RCB,12,36,33.33,0,Chinnaswamy
M03052,Ruturaj Gaikwad,CSK,61,31,196.77,3,Chepauk
M03053,KL Rahul,LSG,21,39,53.85,1,Chepauk
M03054,Ravindra Jadeja,CSK,34,23,147.83,3,Chinnaswamy
M03055,Jasprit Bumrah,MI,37,10,370.0,0,Chepauk
M03056,Jasprit Bumrah,MI,32,28,114.29,0,Eden Gardens
M03057,Jasprit Bumrah,MI,22,32,68.75,0,Chepauk
M03058,KL Rahul,LSG,45,43,104.65,1,Wankhede
M03059,Jasprit Bumrah,MI,21,10,210.0,0,Wankhede
M03060,Surya Kumar Yadav,MI,33,40,82.5,2,Chepauk
M03061,Rohit Sharma,MI,10,31,32.26,0,Chepauk
M03062,KL Rahul,LSG,21,25,84.0,3,Chinnaswamy
M03063,Jasprit Bumrah,MI,20,32,62.5,0,Chepauk
M03064,Ruturaj Gaikwad,CSK,40,28,142.86,0,Eden Gardens
M03065,Jasprit Bumrah,MI,0,22,0.0,0,Wankhede
M03066,Ruturaj Gaikwad,CSK,15,33,45.45,0,Wankhede
M03067,Surya Kumar Yadav,MI,47,27,174.07,2,Chepauk
M03068,Jasprit Bumrah,MI,31,34,91.18,3,Eden Gardens
M03069,Rohit Sharma,MI,17,26,65.38,0,Chinnaswamy
M03070,Jasprit Bumrah,MI,47,30,156.67,1,Chinnaswamy
M03071,Shubman Gill,GT,21,23,91.3,1,Eden Gardens
M03072,Jasprit Bumrah,MI,0,32,0.0,2,Chinnaswamy
M03073,Ruturaj Gaikwad,CSK,24,10,240.0,3,Chinnaswamy
M03074,Ruturaj Gaikwad,CSK,25,49,51.02,2,Chinnaswamy
M03075,Ravindra Jadeja,CSK,52,20,260.0,1,Chinnaswamy
M03076,Ravindra Jadeja,CSK,23,22,104.55,3,Wankhede
M03077,Ravindra Jadeja,CSK,64,24,266.67,0,Eden Gardens
M03078,Jasprit Bumrah,MI,0,25,0.0,2,Chinnaswamy
M03079,Ruturaj Gaikwad,CSK,39,36,108.33,0,Chepauk
M03080,Shubman Gill,GT,14,42,33.33,0,Chinnaswamy
M03081,Rohit Sharma,MI,48,16,300.0,1,Chinnaswamy
M03082,Shubman Gill,GT,0,25,0.0,2,Chinnaswamy
M03083,Surya Kumar Yadav,MI,51,20,255.0,0,Chepauk
M03084,Ravindra Jadeja,CSK,44,44,100.0,1,Chinnaswamy
M03085,Jasprit Bumrah,MI,73,30,243.33,0,Eden Gardens
M03086,Rohit Sharma,MI,84,23,365.22,1,Eden Gardens
M03087,Jasprit Bumrah,MI,40,24,166.67,0,Chinnaswamy
M03088,Rohit Sharma,MI,21,21,100.0,2,Eden Gardens
M03089,KL Rahul,LSG,4,20,20.0,1,Chinnaswamy
M03090,Rohit Sharma,MI,0,29,0.0,1,Eden Gardens
M03091,Ravindra Jadeja,CSK,12,17,70.59,3,Chepauk
M03092,Ruturaj Gaikwad,CSK,41,37,110.81,2,Wankhede
M03093,Rohit Sharma,MI,55,35,157.14,0,Chepauk
M03094,KL Rahul,LSG,32,2,1600.0,0,Wankhede
M03095,Rohit Sharma,MI,68,26,261.54,1,Wankhede
M03096,KL Rahul,LSG,60,36,166.67,0,Eden Gardens
M03097,Jasprit Bumrah,MI,13,32,40.62,0,Chepauk
M03098,Ravindra Jadeja,CSK,83,28,296.43,0,Chepauk
M03099,Rohit Sharma,MI,20,2,1000.0,0,Eden Gardens
M03100,Ruturaj Gaikwad,CSK,42,27,155.56,1,Chepauk
M03101,Shubman Gill,GT,46,11,418.18,3,Chepauk
M03102,Jasprit Bumrah,MI,21,33,63.64,3,Chepauk
M03103,Rohit Sharma,MI,117,15,780.0,3,Wankhede
M03104,Rohit Sharma,MI,8,28,28.57,2,Chepauk
M03105,Shubman Gill,GT,26,21,123.81,1,Chinnaswamy
M03106,Ruturaj Gaikwad,CSK,46,20,230.0,0,Chinnaswamy
M03107,Ruturaj Gaikwad,CSK,40,35,114.29,0,Wankhede
M03108,Shubman Gill,GT,54,27,200.0,0,Wankhede
M03109,Jasprit Bumrah,MI,0,29,0.0,0,Eden Gardens
M03110,Shubman Gill,GT,0,21,0.0,3,Chinnaswamy
M03111,Virat Kohli,RCB,47,10,470.0,1,Wankhede
M03112,Shubman Gill,GT,16,29,55.17,3,Wankhede
M03113,Virat Kohli,RCB,46,23,200.0,0,Eden Gardens
M03114,Ravindra Jadeja,CSK,30,52,57.69,3,Eden Gardens
M03115,Jasprit Bumrah,MI,23,25,92.0,1,Chinnaswamy
M03116,Shubman Gill,GT,52,18,288.89,0,Eden Gardens
M03117,Rohit Sharma,MI,49,26,188.46,2,Eden Gardens
M03118,Ravindra Jadeja,CSK,32,25,128.0,1,Chinnaswamy
M03119,KL Rahul,LSG,55,22,250.0,1,Chinnaswamy
M03120,KL Rahul,LSG,0,23,0.0,1,Chinnaswamy
M03121,Jasprit Bumrah,MI,37,26,142.31,0,Wankhede
M03122,Jasprit Bumrah,MI,51,1,5100.0,1,Eden Gardens
M03123,KL Rahul,LSG,0,35,0.0,1,Chinnaswamy
M03124,Ruturaj Gaikwad,CSK,15,15,100.0,3,Eden Gardens
M03125,KL Rahul,LSG,6,21,28.57,1,Chepauk
M03126,Surya Kumar Yadav,MI,0,30,0.0,1,Wankhede
M03127,Ravindra Jadeja,CSK,48,11,436.36,1,Wankhede
M03128,Jasprit Bumrah,MI,0,35,0.0,3,Wankhede
M03129,Virat Kohli,RCB,16,33,48.48,0,Chepauk
M03130,Shubman Gill,GT,37,38,97.37,0,Chinnaswamy
M03131,Rohit Sharma,MI,57,29,196.55,0,Chinnaswamy
M03132,Virat Kohli,RCB,21,8,262.5,0,Wankhede
M03133,Shubman Gill,GT,28,10,280.0,0,Wankhede
M03134,Shubman Gill,GT,51,17,300.0,3,Chepauk
M03135,Surya Kumar Yadav,MI,13,13,100.0,3,Chepauk
M03136,Ravindra Jadeja,CSK,82,38,215.79,2,Chinnaswamy
M03137,Shubman Gill,GT,0,22,0.0,0,Eden Gardens
M03138,Virat Kohli,RCB,60,25,240.0,1,Chinnaswamy
M03139,KL Rahul,LSG,56,34,164.71,3,Chepauk
M03140,Virat Kohli,RCB,35,19,184.21,0,Chinnaswamy
M03141,Ruturaj Gaikwad,CSK,26,12,216.67,1,Eden Gardens
M03142,Ravindra Jadeja,CSK,94,20,470.0,3,Eden Gardens
M03143,Ravindra Jadeja,CSK,42,29,144.83,0,Chepauk
M03144,Ruturaj Gaikwad,CSK,66,17,388.24,0,Chinnaswamy
M03145,Virat Kohli,RCB,15,34,44.12,1,Chinnaswamy
M03146,Ruturaj Gaikwad,CSK,0,28,0.0,3,Wankhede
M03147,Shubman Gill,GT,68,25,272.0,0,Chepauk
M03148,Shubman Gill,GT,61,40,152.5,1,Chinnaswamy
M03149,Rohit Sharma,MI,30,16,187.5,3,Chinnaswamy
M03150,KL Rahul,LSG,7,29,24.14,1,Wankhede
M03151,Jasprit Bumrah,MI,48,9,533.33,3,Chinnaswamy
M03152,Ravindra Jadeja,CSK,32,26,123.08,1,Chepauk
M03153,Surya Kumar Yadav,MI,82,22,372.73,0,Eden Gardens
M03154,Virat Kohli,RCB,45,14,321.43,0,Chinnaswamy
M03155,Ruturaj Gaikwad,CSK,40,24,166.67,1,Wankhede
M03156,Rohit Sharma,MI,46,1,4600.0,3,Chinnaswamy
M03157,Ruturaj Gaikwad,CSK,13,12,108.33,3,Chinnaswamy
M03158,Ravindra Jadeja,CSK,83,13,638.46,0,Eden Gardens
M03159,Ruturaj Gaikwad,CSK,20,22,90.91,0,Chepauk
M03160,Jasprit Bumrah,MI,26,42,61.9,1,Eden Gardens
M03161,Ravindra Jadeja,CSK,58,39,148.72,0,Chinnaswamy
M03162,KL Rahul,LSG,63,25,252.0,3,Chinnaswamy
M03163,Ruturaj Gaikwad,CSK,65,34,191.18,1,Eden Gardens
M03164,Virat Kohli,RCB,37,27,137.04,1,Wankhede
M03165,KL Rahul,LSG,0,27,0.0,1,Wankhede
M03166,Rohit Sharma,MI,59,28,210.71,2,Chepauk
M03167,Virat Kohli,RCB,0,21,0.0,2,Chinnaswamy
M03168,Rohit Sharma,MI,19,12,158.33,1,Chinnaswamy
M03169,Surya Kumar Yadav,MI,7,39,17.95,0,Eden Gardens
M03170,KL Rahul,LSG,7,15,46.67,3,Chinnaswamy
M03171,Ruturaj Gaikwad,CSK,18,28,64.29,2,Wankhede
M03172,KL Rahul,LSG,66,21,314.29,3,Wankhede
M03173,Jasprit Bumrah,MI,76,18,422.22,3,Wankhede
M03174,Rohit Sharma,MI,40,26,153.85,1,Chepauk
M03175,KL Rahul,LSG,36,20,180.0,0,Eden Gardens
M03176,KL Rahul,LSG,85,27,314.81,1,Wankhede
M03177,Shubman Gill,GT,40,30,133.33,0,Eden Gardens
M03178,Shubman Gill,GT,63,22,286.36,0,Chepauk
M03179,KL Rahul,LSG,77,20,385.0,0,Eden Gardens
M03180,Surya Kumar Yadav,MI,0,26,0.0,1,Chinnaswamy
M03181,Virat Kohli,RCB,52,28,185.71,3,Eden Gardens
M03182,Jasprit Bumrah,MI,41,27,151.85,2,Eden Gardens
M03183,Jasprit Bumrah,MI,17,45,37.78,3,Chinnaswamy
M03184,Surya Kumar Yadav,MI,65,30,216.67,1,Chinnaswamy
M03185,Rohit Sharma,MI,27,31,87.1,1,Chinnaswamy
M03186,Ruturaj Gaikwad,CSK,30,14,214.29,1,Eden Gardens
M03187,Rohit Sharma,MI,67,24,279.17,3,Wankhede
M03188,Shubman Gill,GT,57,46,123.91,0,Eden Gardens
M03189,Shubman Gill,GT,37,13,284.62,3,Eden Gardens
M03190,Virat Kohli,RCB,33,31,106.45,2,Chepauk
M03191,Surya Kumar Yadav,MI,25,20,125.0,0,Chinnaswamy
M03192,Surya Kumar Yadav,MI,6,18,33.33,3,Wankhede
M03193,Jasprit Bumrah,MI,32,18,177.78,0,Wankhede
M03194,Rohit Sharma,MI,52,33,157.58,1,Chinnaswamy
M03195,Rohit Sharma,MI,59,27,218.52,2,Chinnaswamy
M03196,Shubman Gill,GT,109,14,778.57,0,Chepauk
M03197,Surya Kumar Yadav,MI,23,33,69.7,2,Chepauk
M03198,Virat Kohli,RCB,8,40,20.0,0,Eden Gardens
M03199,Shubman Gill,GT,25,33,75.76,0,Wankhede
M03200,KL Rahul,LSG,36,13,276.92,0,Chinnaswamy
M03201,Jasprit Bumrah,MI,31,16,193.75,3,Eden Gardens
M03202,Virat Kohli,RCB,29,32,90.62,1,Chinnaswamy
M03203,Ruturaj Gaikwad,CSK,41,26,157.69,1,Chinnaswamy
M03204,Ruturaj Gaikwad,CSK,6,20,30.0,1,Wankhede
M03205,Jasprit Bumrah,MI,71,23,308.7,1,Chepauk
M03206,Ravindra Jadeja,CSK,19,27,70.37,0,Chepauk
M03207,Jasprit Bumrah,MI,98,21,466.67,1,Wankhede
M03208,Virat Kohli,RCB,72,24,300.0,0,Chinnaswamy
M03209,Virat Kohli,RCB,0,46,0.0,0,Wankhede
M03210,Ravindra Jadeja,CSK,27,11,245.45,1,Chinnaswamy
M03211,Surya Kumar Yadav,MI,55,26,211.54,2,Chinnaswamy
M03212,Jasprit Bumrah,MI,72,20,360.0,0,Chepauk
M03213,Rohit Sharma,MI,17,20,85.0,0,Eden Gardens
M03214,KL Rahul,LSG,16,24,66.67,0,Eden Gardens
M03215,Shubman Gill,GT,57,17,335.29,1,Wankhede
M03216,Rohit Sharma,MI,41,24,170.83,0,Chinnaswamy
M03217,KL Rahul,LSG,14,28,50.0,0,Eden Gardens
M03218,Ruturaj Gaikwad,CSK,17,33,51.52,0,Eden Gardens
M03219,Shubman Gill,GT,21,28,75.0,0,Eden Gardens
M03220,Virat Kohli,RCB,41,40,102.5,0,Chepauk
M03221,Ruturaj Gaikwad,CSK,0,28,0.0,0,Chepauk
M03222,Shubman Gill,GT,31,20,155.0,1,Eden Gardens
M03223,Ruturaj Gaikwad,CSK,43,26,165.38,0,Chepauk
M03224,Shubman Gill,GT,53,10,530.0,2,Chepauk
M03225,Ruturaj Gaikwad,CSK,14,26,53.85,1,Eden Gardens
M03226,Ruturaj Gaikwad,CSK,0,12,0.0,0,Chinnaswamy
M03227,Surya Kumar Yadav,MI,36,22,163.64,1,Wankhede
M03228,Rohit Sharma,MI,52,28,185.71,0,Wankhede
M03229,Rohit Sharma,MI,0,19,0.0,3,Chepauk
M03230,KL Rahul,LSG,64,7,914.29,3,Chepauk
M03231,Virat Kohli,RCB,33,5,660.0,2,Eden Gardens
M03232,Surya Kumar Yadav,MI,50,2,2500.0,3,Wankhede
M03233,Ruturaj Gaikwad,CSK,33,24,137.5,0,Chepauk
M03234,Ruturaj Gaikwad,CSK,36,38,94.74,1,Chinnaswamy
M03235,Surya Kumar Yadav,MI,11,19,57.89,0,Chepauk
M03236,Ruturaj Gaikwad,CSK,34,23,147.83,1,Eden Gardens
M03237,Ravindra Jadeja,CSK,46,40,115.0,0,Chinnaswamy
M03238,KL Rahul,LSG,65,18,361.11,3,Eden Gardens
M03239,Virat Kohli,RCB,77,49,157.14,0,Wankhede
M03240,Surya Kumar Yadav,MI,52,22,236.36,0,Eden Gardens
M03241,Virat Kohli,RCB,43,26,165.38,0,Wankhede
M03242,KL Rahul,LSG,68,20,340.0,0,Wankhede
M03243,KL Rahul,LSG,26,31,83.87,0,Chinnaswamy
M03244,Virat Kohli,RCB,46,18,255.56,2,Chepauk
M03245,Ravindra Jadeja,CSK,53,12,441.67,1,Chinnaswamy
M03246,Surya Kumar Yadav,MI,26,15,173.33,0,Eden Gardens
M03247,Ravindra Jadeja,CSK,46,21,219.05,0,Wankhede
M03248,Ravindra Jadeja,CSK,52,19,273.68,3,Eden Gardens
M03249,Surya Kumar Yadav,MI,37,37,100.0,0,Chinnaswamy
M03250,KL Rahul,LSG,0,2,0.0,0,Chepauk
M03251,Virat Kohli,RCB,69,17,405.88,0,Eden Gardens
M03252,Ravindra Jadeja,CSK,73,56,130.36,2,Chepauk
M03253,Surya Kumar Yadav,MI,69,33,209.09,1,Wankhede
M03254,KL Rahul,LSG,31,43,72.09,1,Eden Gardens
M03255,Shubman Gill,GT,28,41,68.29,3,Eden Gardens
M03256,KL Rahul,LSG,48,20,240.0,0,Wankhede
M03257,Jasprit Bumrah,MI,0,23,0.0,3,Eden Gardens
M03258,Ravindra Jadeja,CSK,39,40,97.5,1,Chinnaswamy
M03259,Rohit Sharma,MI,3,20,15.0,0,Chinnaswamy
M03260,Jasprit Bumrah,MI,0,29,0.0,1,Chinnaswamy
M03261,Ravindra Jadeja,CSK,40,14,285.71,0,Wankhede
M03262,Surya Kumar Yadav,MI,37,34,108.82,2,Chepauk
M03263,Rohit Sharma,MI,11,7,157.14,1,Wankhede
M03264,Surya Kumar Yadav,MI,37,33,112.12,2,Eden Gardens
M03265,Ruturaj Gaikwad,CSK,51,15,340.0,0,Chepauk
M03266,KL Rahul,LSG,11,39,28.21,1,Chinnaswamy
M03267,KL Rahul,LSG,0,15,0.0,1,Chinnaswamy
M03268,Jasprit Bumrah,MI,0,23,0.0,1,Chinnaswamy
M03269,Jasprit Bumrah,MI,7,46,15.22,0,Chinnaswamy
M03270,Ruturaj Gaikwad,CSK,55,40,137.5,0,Wankhede
M03271,KL Rahul,LSG,73,20,365.0,1,Chepauk
M03272,Ravindra Jadeja,CSK,36,25,144.0,0,Chepauk
M03273,Ruturaj Gaikwad,CSK,62,30,206.67,0,Eden Gardens
M03274,KL Rahul,LSG,51,33,154.55,2,Chinnaswamy
M03275,Ravindra Jadeja,CSK,0,40,0.0,0,Wankhede
M03276,Surya Kumar Yadav,MI,24,32,75.0,0,Chepauk
M03277,Ruturaj Gaikwad,CSK,66,19,347.37,2,Chepauk
M03278,Shubman Gill,GT,18,24,75.0,1,Wankhede
M03279,Rohit Sharma,MI,39,5,780.0,0,Wankhede
M03280,Rohit Sharma,MI,66,26,253.85,0,Wankhede
M03281,Shubman Gill,GT,56,12,466.67,2,Wankhede
M03282,Ravindra Jadeja,CSK,32,23,139.13,0,Eden Gardens
M03283,Ruturaj Gaikwad,CSK,71,42,169.05,0,Eden Gardens
M03284,Jasprit Bumrah,MI,83,28,296.43,1,Wankhede
M03285,KL Rahul,LSG,56,18,311.11,3,Chepauk
M03286,KL Rahul,LSG,53,27,196.3,0,Chepauk
M03287,KL Rahul,LSG,60,12,500.0,0,Chepauk
M03288,Surya Kumar Yadav,MI,24,18,133.33,0,Wankhede
M03289,Ruturaj Gaikwad,CSK,48,36,133.33,3,Chepauk
M03290,Ravindra Jadeja,CSK,79,41,192.68,2,Chinnaswamy
M03291,Ruturaj Gaikwad,CSK,87,26,334.62,1,Eden Gardens
M03292,Ravindra Jadeja,CSK,11,17,64.71,1,Chepauk
M03293,KL Rahul,LSG,73,16,456.25,1,Wankhede
M03294,Surya Kumar Yadav,MI,82,12,683.33,2,Wankhede
M03295,Surya Kumar Yadav,MI,8,23,34.78,1,Eden Gardens
M03296,Jasprit Bumrah,MI,80,19,421.05,2,Wankhede
M03297,Rohit Sharma,MI,0,23,0.0,1,Chepauk
M03298,KL Rahul,LSG,4,16,25.0,1,Eden Gardens
M03299,Ruturaj Gaikwad,CSK,34,20,170.0,2,Wankhede
M03300,Ruturaj Gaikwad,CSK,48,8,600.0,0,Chinnaswamy
M03301,Ruturaj Gaikwad,CSK,0,32,0.0,2,Chinnaswamy
M03302,Virat Kohli,RCB,28,23,121.74,3,Eden Gardens
M03303,Ruturaj Gaikwad,CSK,35,26,134.62,0,Chinnaswamy
M03304,Shubman Gill,GT,62,17,364.71,0,Eden Gardens
M03305,Shubman Gill,GT,32,16,200.0,3,Chepauk
M03306,Jasprit Bumrah,MI,10,31,32.26,1,Chepauk
M03307,Ravindra Jadeja,CSK,54,21,257.14,0,Chepauk
M03308,Surya Kumar Yadav,MI,19,30,63.33,3,Wankhede
M03309,Ruturaj Gaikwad,CSK,51,26,196.15,1,Wankhede
M03310,Jasprit Bumrah,MI,27,49,55.1,0,Wankhede
M03311,KL Rahul,LSG,19,13,146.15,0,Wankhede
M03312,Surya Kumar Yadav,MI,0,28,0.0,0,Chinnaswamy
M03313,Surya Kumar Yadav,MI,24,11,218.18,0,Chinnaswamy
M03314,Ravindra Jadeja,CSK,21,24,87.5,0,Chepauk
M03315,Ravindra Jadeja,CSK,4,20,20.0,2,Chinnaswamy
M03316,Rohit Sharma,MI,25,16,156.25,3,Chinnaswamy
M03317,Jasprit Bumrah,MI,3,33,9.09,1,Wankhede
M03318,KL Rahul,LSG,61,29,210.34,3,Chepauk
M03319,Virat Kohli,RCB,71,40,177.5,0,Chinnaswamy
M03320,Surya Kumar Yadav,MI,52,10,520.0,1,Chepauk
M03321,Ruturaj Gaikwad,CSK,0,14,0.0,0,Chinnaswamy
M03322,KL Rahul,LSG,36,23,156.52,1,Chepauk
M03323,Ravindra Jadeja,CSK,0,24,0.0,3,Eden Gardens
M03324,Rohit Sharma,MI,14,26,53.85,0,Eden Gardens
M03325,Ravindra Jadeja,CSK,13,34,38.24,0,Eden Gardens
M03326,Shubman Gill,GT,32,14,228.57,0,Wankhede
M03327,Rohit Sharma,MI,50,19,263.16,0,Chepauk
M03328,Rohit Sharma,MI,38,41,92.68,0,Chinnaswamy
M03329,Jasprit Bumrah,MI,44,33,133.33,1,Wankhede
M03330,KL Rahul,LSG,67,12,558.33,0,Chepauk
M03331,Ravindra Jadeja,CSK,0,18,0.0,2,Eden Gardens
M03332,Shubman Gill,GT,39,29,134.48,3,Eden Gardens
M03333,Shubman Gill,GT,22,22,100.0,2,Wankhede
M03334,Ruturaj Gaikwad,CSK,4,26,15.38,0,Eden Gardens
M03335,Jasprit Bumrah,MI,53,25,212.0,0,Chepauk
M03336,Virat Kohli,RCB,0,9,0.0,2,Wankhede
M03337,Jasprit Bumrah,MI,73,24,304.17,1,Chinnaswamy
M03338,Virat Kohli,RCB,33,12,275.0,0,Chepauk
M03339,Ravindra Jadeja,CSK,31,20,155.0,1,Wankhede
M03340,KL Rahul,LSG,103,37,278.38,0,Wankhede
M03341,Ruturaj Gaikwad,CSK,12,32,37.5,2,Wankhede
M03342,Jasprit Bumrah,MI,31,24,129.17,1,Chinnaswamy
M03343,Jasprit Bumrah,MI,39,34,114.71,3,Wankhede
M03344,Surya Kumar Yadav,MI,61,25,244.0,2,Chinnaswamy
M03345,Virat Kohli,RCB,50,24,208.33,1,Chinnaswamy
M03346,Surya Kumar Yadav,MI,61,13,469.23,1,Chinnaswamy
M03347,Jasprit Bumrah,MI,91,33,275.76,0,Chinnaswamy
M03348,Jasprit Bumrah,MI,25,1,2500.0,0,Wankhede
M03349,Ruturaj Gaikwad,CSK,27,38,71.05,0,Chinnaswamy
M03350,Ruturaj Gaikwad,CSK,8,32,25.0,1,Chepauk
M03351,Surya Kumar Yadav,MI,29,31,93.55,0,Chinnaswamy
M03352,Ravindra Jadeja,CSK,28,39,71.79,1,Wankhede
M03353,Virat Kohli,RCB,69,26,265.38,2,Chepauk
M03354,Surya Kumar Yadav,MI,44,32,137.5,0,Wankhede
M03355,Rohit Sharma,MI,29,7,414.29,0,Eden Gardens
M03356,Virat Kohli,RCB,4,25,16.0,0,Chinnaswamy
M03357,Ruturaj Gaikwad,CSK,50,53,94.34,2,Chinnaswamy
M03358,Ravindra Jadeja,CSK,80,25,320.0,0,Wankhede
M03359,Surya Kumar Yadav,MI,0,27,0.0,0,Chinnaswamy
M03360,KL Rahul,LSG,61,18,338.89,0,Chepauk
M03361,Surya Kumar Yadav,MI,38,15,253.33,0,Eden Gardens
M03362,Shubman Gill,GT,14,22,63.64,1,Chepauk
M03363,Ruturaj Gaikwad,CSK,23,8,287.5,0,Wankhede
M03364,KL Rahul,LSG,12,21,57.14,1,Chepauk
M03365,Virat Kohli,RCB,26,20,130.0,1,Wankhede
M03366,KL Rahul,LSG,55,18,305.56,0,Chinnaswamy
M03367,Ravindra Jadeja,CSK,15,19,78.95,1,Wankhede
M03368,Surya Kumar Yadav,MI,0,35,0.0,0,Chepauk
M03369,Jasprit Bumrah,MI,26,23,113.04,1,Wankhede
M03370,Rohit Sharma,MI,33,22,150.0,0,Chepauk
M03371,Shubman Gill,GT,48,22,218.18,0,Chepauk
M03372,Ruturaj Gaikwad,CSK,31,20,155.0,1,Chepauk
M03373,Virat Kohli,RCB,76,20,380.0,0,Chepauk
M03374,Rohit Sharma,MI,18,9,200.0,0,Eden Gardens
M03375,Ruturaj Gaikwad,CSK,29,5,580.0,0,Chinnaswamy
M03376,Jasprit Bumrah,MI,61,13,469.23,1,Chinnaswamy
M03377,KL Rahul,LSG,43,20,215.0,0,Wankhede
M03378,Ruturaj Gaikwad,CSK,71,22,322.73,0,Chepauk
M03379,Ravindra Jadeja,CSK,4,28,14.29,0,Chepauk
M03380,Jasprit Bumrah,MI,74,31,238.71,0,Chinnaswamy
M03381,Ruturaj Gaikwad,CSK,27,23,117.39,2,Chinnaswamy
M03382,KL Rahul,LSG,8,30,26.67,3,Chepauk
M03383,Surya Kumar Yadav,MI,26,25,104.0,1,Chepauk
M03384,Rohit Sharma,MI,0,20,0.0,1,Chepauk
M03385,KL Rahul,LSG,42,28,150.0,3,Chepauk
M03386,Rohit Sharma,MI,77,37,208.11,0,Chinnaswamy
M03387,Surya Kumar Yadav,MI,40,16,250.0,0,Wankhede
M03388,Surya Kumar Yadav,MI,55,6,916.67,3,Chinnaswamy
M03389,Ravindra Jadeja,CSK,50,20,250.0,2,Eden Gardens
M03390,Ravindra Jadeja,CSK,64,21,304.76,0,Eden Gardens
M03391,Jasprit Bumrah,MI,55,37,148.65,1,Wankhede
M03392,Ravindra Jadeja,CSK,29,21,138.1,1,Chepauk
M03393,Ruturaj Gaikwad,CSK,43,25,172.0,1,Eden Gardens
M03394,Jasprit Bumrah,MI,21,31,67.74,2,Wankhede
M03395,Shubman Gill,GT,16,32,50.0,1,Wankhede
M03396,Rohit Sharma,MI,23,31,74.19,0,Eden Gardens
M03397,Ruturaj Gaikwad,CSK,38,31,122.58,2,Chinnaswamy
M03398,Ravindra Jadeja,CSK,107,12,891.67,1,Wankhede
M03399,Rohit Sharma,MI,76,21,361.9,0,Eden Gardens
M03400,Shubman Gill,GT,78,30,260.0,0,Chinnaswamy
M03401,Virat Kohli,RCB,64,23,278.26,1,Chinnaswamy
M03402,Surya Kumar Yadav,MI,24,21,114.29,1,Chepauk
M03403,Rohit Sharma,MI,14,10,140.0,0,Chepauk
M03404,KL Rahul,LSG,34,28,121.43,2,Wankhede
M03405,KL Rahul,LSG,29,32,90.62,0,Wankhede
M03406,Ravindra Jadeja,CSK,77,28,275.0,1,Wankhede
M03407,Rohit Sharma,MI,35,37,94.59,2,Wankhede
M03408,Rohit Sharma,MI,38,36,105.56,1,Chepauk
M03409,KL Rahul,LSG,94,15,626.67,2,Wankhede
M03410,Ruturaj Gaikwad,CSK,33,48,68.75,2,Chepauk
M03411,Ravindra Jadeja,CSK,34,37,91.89,0,Wankhede
M03412,Rohit Sharma,MI,47,25,188.0,3,Wankhede
M03413,Shubman Gill,GT,25,18,138.89,0,Chepauk
M03414,Rohit Sharma,MI,33,31,106.45,2,Chepauk
M03415,Shubman Gill,GT,48,35,137.14,1,Chinnaswamy
M03416,Jasprit Bumrah,MI,13,24,54.17,2,Chinnaswamy
M03417,Ravindra Jadeja,CSK,7,6,116.67,1,Chepauk
M03418,Surya Kumar Yadav,MI,37,46,80.43,1,Chepauk
M03419,Surya Kumar Yadav,MI,44,20,220.0,1,Eden Gardens
M03420,KL Rahul,LSG,54,22,245.45,0,Chepauk
M03421,Ravindra Jadeja,CSK,58,58,100.0,3,Chepauk
M03422,Ruturaj Gaikwad,CSK,17,26,65.38,0,Wankhede
M03423,Virat Kohli,RCB,69,42,164.29,0,Eden Gardens
M03424,Rohit Sharma,MI,77,31,248.39,1,Wankhede
M03425,KL Rahul,LSG,21,44,47.73,1,Chepauk
M03426,Virat Kohli,RCB,59,19,310.53,2,Chepauk
M03427,Virat Kohli,RCB,38,28,135.71,1,Eden Gardens
M03428,Ravindra Jadeja,CSK,63,9,700.0,0,Eden Gardens
M03429,KL Rahul,LSG,40,32,125.0,1,Chinnaswamy
M03430,Rohit Sharma,MI,0,19,0.0,2,Chepauk
M03431,Ravindra Jadeja,CSK,32,29,110.34,0,Chepauk
M03432,Ruturaj Gaikwad,CSK,39,18,216.67,1,Chepauk
M03433,Surya Kumar Yadav,MI,62,14,442.86,1,Chepauk
M03434,Ruturaj Gaikwad,CSK,0,17,0.0,3,Chinnaswamy
M03435,Surya Kumar Yadav,MI,35,28,125.0,0,Eden Gardens
M03436,Shubman Gill,GT,8,10,80.0,0,Wankhede
M03437,Ravindra Jadeja,CSK,34,28,121.43,3,Chepauk
M03438,Virat Kohli,RCB,32,32,100.0,1,Chinnaswamy
M03439,KL Rahul,LSG,47,19,247.37,3,Chepauk
M03440,Surya Kumar Yadav,MI,33,23,143.48,3,Chepauk
M03441,Jasprit Bumrah,MI,58,27,214.81,1,Chinnaswamy
M03442,Ruturaj Gaikwad,CSK,0,21,0.0,2,Chepauk
M03443,Surya Kumar Yadav,MI,36,26,138.46,0,Chinnaswamy
M03444,Rohit Sharma,MI,50,41,121.95,1,Eden Gardens
M03445,Ruturaj Gaikwad,CSK,7,24,29.17,1,Chepauk
M03446,Ruturaj Gaikwad,CSK,19,14,135.71,0,Chinnaswamy
M03447,Rohit Sharma,MI,52,34,152.94,0,Eden Gardens
M03448,KL Rahul,LSG,0,10,0.0,1,Chinnaswamy
M03449,Surya Kumar Yadav,MI,85,23,369.57,0,Chinnaswamy
M03450,Ravindra Jadeja,CSK,27,31,87.1,0,Eden Gardens
M03451,Jasprit Bumrah,MI,62,14,442.86,1,Chinnaswamy
M03452,Ravindra Jadeja,CSK,114,13,876.92,2,Wankhede
M03453,Rohit Sharma,MI,64,24,266.67,2,Chepauk
M03454,Ruturaj Gaikwad,CSK,0,27,0.0,3,Chepauk
M03455,Shubman Gill,GT,13,28,46.43,3,Wankhede
M03456,Virat Kohli,RCB,24,16,150.0,0,Eden Gardens
M03457,Shubman Gill,GT,67,20,335.0,1,Eden Gardens
M03458,KL Rahul,LSG,31,28,110.71,0,Chepauk
M03459,Shubman Gill,GT,41,26,157.69,3,Wankhede
M03460,Surya Kumar Yadav,MI,36,41,87.8,1,Chepauk
M03461,Ravindra Jadeja,CSK,0,6,0.0,0,Eden Gardens
M03462,Virat Kohli,RCB,79,36,219.44,1,Wankhede
M03463,Virat Kohli,RCB,4,34,11.76,0,Chepauk
M03464,Shubman Gill,GT,68,25,272.0,3,Eden Gardens
M03465,Jasprit Bumrah,MI,79,6,1316.67,1,Chinnaswamy
M03466,Shubman Gill,GT,32,31,103.23,0,Eden Gardens
M03467,Ruturaj Gaikwad,CSK,66,32,206.25,0,Wankhede
M03468,Ravindra Jadeja,CSK,78,36,216.67,0,Eden Gardens
M03469,Jasprit Bumrah,MI,4,20,20.0,0,Chepauk
M03470,Rohit Sharma,MI,91,39,233.33,1,Wankhede
M03471,KL Rahul,LSG,48,29,165.52,1,Chepauk
M03472,Rohit Sharma,MI,11,14,78.57,2,Chinnaswamy
M03473,Jasprit Bumrah,MI,29,13,223.08,0,Chinnaswamy
M03474,Ruturaj Gaikwad,CSK,46,23,200.0,1,Wankhede
M03475,Jasprit Bumrah,MI,37,26,142.31,3,Chinnaswamy
M03476,Ruturaj Gaikwad,CSK,32,29,110.34,1,Wankhede
M03477,Surya Kumar Yadav,MI,44,17,258.82,0,Chepauk
M03478,Shubman Gill,GT,42,25,168.0,1,Wankhede
M03479,Surya Kumar Yadav,MI,50,37,135.14,2,Wankhede
M03480,Shubman Gill,GT,19,20,95.0,0,Eden Gardens
M03481,Virat Kohli,RCB,21,29,72.41,0,Chepauk
M03482,Surya Kumar Yadav,MI,30,25,120.0,2,Wankhede
M03483,Surya Kumar Yadav,MI,28,34,82.35,3,Wankhede
M03484,Ravindra Jadeja,CSK,13,21,61.9,0,Chepauk
M03485,Ruturaj Gaikwad,CSK,34,32,106.25,3,Eden Gardens
M03486,Ravindra Jadeja,CSK,41,6,683.33,2,Chinnaswamy
M03487,Surya Kumar Yadav,MI,43,28,153.57,0,Chinnaswamy
M03488,Surya Kumar Yadav,MI,57,29,196.55,0,Eden Gardens
M03489,Shubman Gill,GT,15,24,62.5,2,Chinnaswamy
M03490,Surya Kumar Yadav,MI,40,39,102.56,2,Chepauk
M03491,KL Rahul,LSG,39,38,102.63,3,Chepauk
M03492,Shubman Gill,GT,26,51,50.98,1,Chinnaswamy
M03493,Surya Kumar Yadav,MI,41,34,120.59,2,Chinnaswamy
M03494,Ravindra Jadeja,CSK,45,10,450.0,2,Chinnaswamy
M03495,Ruturaj Gaikwad,CSK,29,17,170.59,1,Wankhede
M03496,Ruturaj Gaikwad,CSK,11,29,37.93,3,Wankhede
M03497,Surya Kumar Yadav,MI,86,24,358.33,0,Chinnaswamy
M03498,Ravindra Jadeja,CSK,31,38,81.58,2,Wankhede
M03499,Ruturaj Gaikwad,CSK,55,24,229.17,0,Chinnaswamy
M03500,KL Rahul,LSG,3,26,11.54,1,Chepauk
